-- PESSOAS
INSERT INTO Pessoa (cpf, nome) VALUES ('389.152.467-64', 'Bruno Oliveira');
INSERT INTO Pessoa (cpf, nome) VALUES ('825.061.473-90', 'Giovanna Garcia');
INSERT INTO Pessoa (cpf, nome) VALUES ('834.657.021-07', 'Luan Dias');
INSERT INTO Pessoa (cpf, nome) VALUES ('604.329.157-61', 'Dante Pastor');
INSERT INTO Pessoa (cpf, nome) VALUES ('183.965.274-82', 'Alexia Albuquerque');
INSERT INTO Pessoa (cpf, nome) VALUES ('389.654.210-98', 'Maria Luiza Lopes');
INSERT INTO Pessoa (cpf, nome) VALUES ('028.736.514-07', 'Luiz Gustavo da Mota');
INSERT INTO Pessoa (cpf, nome) VALUES ('185.304.269-24', 'Rodrigo Aragão');
INSERT INTO Pessoa (cpf, nome) VALUES ('218.496.357-73', 'Dra. Maria Alice Rocha');
INSERT INTO Pessoa (cpf, nome) VALUES ('562.104.379-07', 'Camila Câmara');
INSERT INTO Pessoa (cpf, nome) VALUES ('731.409.256-70', 'Brayan Câmara');
INSERT INTO Pessoa (cpf, nome) VALUES ('478.609.531-10', 'José Moraes');
INSERT INTO Pessoa (cpf, nome) VALUES ('120.358.467-90', 'Théo Fogaça');
INSERT INTO Pessoa (cpf, nome) VALUES ('429.856.317-00', 'Ágatha Albuquerque');
INSERT INTO Pessoa (cpf, nome) VALUES ('938.620.175-59', 'Davi Rocha');
INSERT INTO Pessoa (cpf, nome) VALUES ('507.321.846-90', 'Maria Luísa Silva');
INSERT INTO Pessoa (cpf, nome) VALUES ('569.012.483-42', 'Kamilly Cavalcanti');
INSERT INTO Pessoa (cpf, nome) VALUES ('571.283.964-46', 'Caroline Pastor');
INSERT INTO Pessoa (cpf, nome) VALUES ('729.814.653-09', 'Antônio Moura');
INSERT INTO Pessoa (cpf, nome) VALUES ('970.258.136-21', 'Ian Nunes');
INSERT INTO Pessoa (cpf, nome) VALUES ('210.956.378-86', 'Yan Macedo');
INSERT INTO Pessoa (cpf, nome) VALUES ('134.578.602-62', 'Matheus Ribeiro');
INSERT INTO Pessoa (cpf, nome) VALUES ('481.063.527-90', 'Erick Rodrigues');
INSERT INTO Pessoa (cpf, nome) VALUES ('975.214.630-99', 'Enrico Cirino');
INSERT INTO Pessoa (cpf, nome) VALUES ('930.147.652-52', 'Dr. Luiz Gustavo da Cruz');
INSERT INTO Pessoa (cpf, nome) VALUES ('435.916.807-10', 'Matteo Azevedo');
INSERT INTO Pessoa (cpf, nome) VALUES ('026.917.453-25', 'Sr. Kaique Cirino');
INSERT INTO Pessoa (cpf, nome) VALUES ('836.172.549-00', 'Isis Lima');
INSERT INTO Pessoa (cpf, nome) VALUES ('103.987.526-21', 'Valentim Cirino');
INSERT INTO Pessoa (cpf, nome) VALUES ('932.640.578-83', 'Breno Mendes');
INSERT INTO Pessoa (cpf, nome) VALUES ('617.250.438-07', 'Sr. Alexandre Machado');
INSERT INTO Pessoa (cpf, nome) VALUES ('267.514.938-19', 'Bento Moreira');
INSERT INTO Pessoa (cpf, nome) VALUES ('843.596.017-00', 'Sr. Miguel Teixeira');
INSERT INTO Pessoa (cpf, nome) VALUES ('042.598.713-23', 'Ana Fonseca');
INSERT INTO Pessoa (cpf, nome) VALUES ('729.306.514-07', 'Cecilia Vasconcelos');
INSERT INTO Pessoa (cpf, nome) VALUES ('132.049.785-32', 'Theo Rios');
INSERT INTO Pessoa (cpf, nome) VALUES ('082.457.963-10', 'Francisco Castro');
INSERT INTO Pessoa (cpf, nome) VALUES ('271.956.430-34', 'Marcelo Cassiano');
INSERT INTO Pessoa (cpf, nome) VALUES ('816.597.023-21', 'Gabriela da Luz');
INSERT INTO Pessoa (cpf, nome) VALUES ('165.784.029-85', 'Anna Liz Sá');
INSERT INTO Pessoa (cpf, nome) VALUES ('892.705.413-04', 'Sr. Luan Silva');
INSERT INTO Pessoa (cpf, nome) VALUES ('517.023.984-04', 'Luara Brito');
INSERT INTO Pessoa (cpf, nome) VALUES ('612.850.394-24', 'Nicole Costela');
INSERT INTO Pessoa (cpf, nome) VALUES ('354.891.726-73', 'Dr. José Pedro Vargas');
INSERT INTO Pessoa (cpf, nome) VALUES ('205.897.314-32', 'Luara Azevedo');
INSERT INTO Pessoa (cpf, nome) VALUES ('904.528.176-76', 'Vitor Novaes');
INSERT INTO Pessoa (cpf, nome) VALUES ('034.918.256-60', 'Juan Oliveira');
INSERT INTO Pessoa (cpf, nome) VALUES ('904.573.628-47', 'Marcelo Montenegro');
INSERT INTO Pessoa (cpf, nome) VALUES ('839.105.472-14', 'Enzo Gabriel Martins');
INSERT INTO Pessoa (cpf, nome) VALUES ('871.025.634-26', 'Julia Lima');
INSERT INTO Pessoa (cpf, nome) VALUES ('490.753.286-56', 'José Pedro Novaes');
INSERT INTO Pessoa (cpf, nome) VALUES ('347.820.596-47', 'Caleb Brito');
INSERT INTO Pessoa (cpf, nome) VALUES ('189.027.564-67', 'Evelyn da Luz');
INSERT INTO Pessoa (cpf, nome) VALUES ('139.572.864-09', 'Gael Henrique Cavalcante');
INSERT INTO Pessoa (cpf, nome) VALUES ('813.950.764-48', 'Arthur Miguel Cirino');
INSERT INTO Pessoa (cpf, nome) VALUES ('735.860.149-10', 'Dr. Pedro Miguel Cavalcante');
INSERT INTO Pessoa (cpf, nome) VALUES ('918.364.075-48', 'Kevin Moreira');
INSERT INTO Pessoa (cpf, nome) VALUES ('198.675.234-82', 'Yan Silveira');
INSERT INTO Pessoa (cpf, nome) VALUES ('687.210.594-11', 'Arthur Miguel da Rocha');
INSERT INTO Pessoa (cpf, nome) VALUES ('681.705.492-30', 'Maria Rocha');
INSERT INTO Pessoa (cpf, nome) VALUES ('319.274.805-23', 'Aylla Marques');
INSERT INTO Pessoa (cpf, nome) VALUES ('089.463.127-69', 'Olívia Machado');
INSERT INTO Pessoa (cpf, nome) VALUES ('420.981.763-50', 'Daniela Mendes');
INSERT INTO Pessoa (cpf, nome) VALUES ('147.395.602-16', 'Sra. Amanda Peixoto');
INSERT INTO Pessoa (cpf, nome) VALUES ('789.614.023-31', 'Dr. Lucas Melo');
INSERT INTO Pessoa (cpf, nome) VALUES ('085.426.713-17', 'Henry Pastor');
INSERT INTO Pessoa (cpf, nome) VALUES ('740.621.938-50', 'Davi Luiz Pacheco');
INSERT INTO Pessoa (cpf, nome) VALUES ('816.704.953-10', 'Lívia Pereira');
INSERT INTO Pessoa (cpf, nome) VALUES ('617.934.285-73', 'Lunna Costa');
INSERT INTO Pessoa (cpf, nome) VALUES ('736.982.504-38', 'Ayla Aragão');
INSERT INTO Pessoa (cpf, nome) VALUES ('205.376.419-80', 'Luiz Otávio Alves');
INSERT INTO Pessoa (cpf, nome) VALUES ('924.106.387-40', 'Julia Farias');
INSERT INTO Pessoa (cpf, nome) VALUES ('902.578.341-41', 'Maria Flor Costela');
INSERT INTO Pessoa (cpf, nome) VALUES ('783.691.425-91', 'Otávio da Rosa');
INSERT INTO Pessoa (cpf, nome) VALUES ('893.012.764-96', 'Pedro Lucas da Rosa');
INSERT INTO Pessoa (cpf, nome) VALUES ('721.459.630-06', 'Lorena Carvalho');
INSERT INTO Pessoa (cpf, nome) VALUES ('807.654.932-92', 'Dra. Emanuella Freitas');
INSERT INTO Pessoa (cpf, nome) VALUES ('918.736.245-73', 'Bento Pastor');
INSERT INTO Pessoa (cpf, nome) VALUES ('628.941.573-55', 'Kaique Costela');
INSERT INTO Pessoa (cpf, nome) VALUES ('768.154.239-64', 'Sabrina Cavalcanti');

-- DEPARTAMENTOS
INSERT INTO Depto (id_depto, nome, chefe_depto) VALUES (1, 'Departamento At', NULL);
INSERT INTO Depto (id_depto, nome, chefe_depto) VALUES (2, 'Departamento Laudantium', NULL);
INSERT INTO Depto (id_depto, nome, chefe_depto) VALUES (3, 'Departamento Neque', NULL);
INSERT INTO Depto (id_depto, nome, chefe_depto) VALUES (4, 'Departamento Atque', NULL);
INSERT INTO Depto (id_depto, nome, chefe_depto) VALUES (5, 'Departamento Maiores', NULL);

-- PROFESSORES
INSERT INTO Professor (id_professor, cpf, id_depto) VALUES (1, '389.152.467-64', 1);
INSERT INTO Professor (id_professor, cpf, id_depto) VALUES (2, '825.061.473-90', 2);
INSERT INTO Professor (id_professor, cpf, id_depto) VALUES (3, '834.657.021-07', 3);
INSERT INTO Professor (id_professor, cpf, id_depto) VALUES (4, '604.329.157-61', 4);
INSERT INTO Professor (id_professor, cpf, id_depto) VALUES (5, '183.965.274-82', 5);
INSERT INTO Professor (id_professor, cpf, id_depto) VALUES (6, '389.654.210-98', 1);
INSERT INTO Professor (id_professor, cpf, id_depto) VALUES (7, '028.736.514-07', 2);
INSERT INTO Professor (id_professor, cpf, id_depto) VALUES (8, '185.304.269-24', 3);
INSERT INTO Professor (id_professor, cpf, id_depto) VALUES (9, '218.496.357-73', 4);
INSERT INTO Professor (id_professor, cpf, id_depto) VALUES (10, '562.104.379-07', 5);
INSERT INTO Professor (id_professor, cpf, id_depto) VALUES (11, '731.409.256-70', 1);
INSERT INTO Professor (id_professor, cpf, id_depto) VALUES (12, '478.609.531-10', 2);
INSERT INTO Professor (id_professor, cpf, id_depto) VALUES (13, '120.358.467-90', 3);
INSERT INTO Professor (id_professor, cpf, id_depto) VALUES (14, '429.856.317-00', 4);
INSERT INTO Professor (id_professor, cpf, id_depto) VALUES (15, '938.620.175-59', 5);
INSERT INTO Professor (id_professor, cpf, id_depto) VALUES (16, '507.321.846-90', 1);
INSERT INTO Professor (id_professor, cpf, id_depto) VALUES (17, '569.012.483-42', 2);
INSERT INTO Professor (id_professor, cpf, id_depto) VALUES (18, '571.283.964-46', 3);
INSERT INTO Professor (id_professor, cpf, id_depto) VALUES (19, '729.814.653-09', 4);
INSERT INTO Professor (id_professor, cpf, id_depto) VALUES (20, '970.258.136-21', 5);

-- CHEFES DE DEPARTAMENTO
UPDATE Depto SET chefe_depto = 1 WHERE id_depto = 1;
UPDATE Depto SET chefe_depto = 2 WHERE id_depto = 2;
UPDATE Depto SET chefe_depto = 3 WHERE id_depto = 3;
UPDATE Depto SET chefe_depto = 4 WHERE id_depto = 4;
UPDATE Depto SET chefe_depto = 5 WHERE id_depto = 5;

-- CURSOS
INSERT INTO Curso (id_curso, nome, id_depto, coordenador_curso) VALUES (1, 'Curso de Cancerologista', 1, 2);
INSERT INTO Curso (id_curso, nome, id_depto, coordenador_curso) VALUES (2, 'Curso de Geofísico', 2, 4);
INSERT INTO Curso (id_curso, nome, id_depto, coordenador_curso) VALUES (3, 'Curso de Montador', 3, 6);
INSERT INTO Curso (id_curso, nome, id_depto, coordenador_curso) VALUES (4, 'Curso de Jogador', 4, 8);

-- DISCIPLINAS
INSERT INTO Disciplina (id_disciplina, nome, id_depto, coordenador_disciplina) VALUES (1, 'Disciplina Impedit', 1, 3);
INSERT INTO Disciplina (id_disciplina, nome, id_depto, coordenador_disciplina) VALUES (2, 'Disciplina Ipsam', 2, 6);
INSERT INTO Disciplina (id_disciplina, nome, id_depto, coordenador_disciplina) VALUES (3, 'Disciplina Maxime', 3, 9);
INSERT INTO Disciplina (id_disciplina, nome, id_depto, coordenador_disciplina) VALUES (4, 'Disciplina Ducimus', 4, 12);
INSERT INTO Disciplina (id_disciplina, nome, id_depto, coordenador_disciplina) VALUES (5, 'Disciplina Expedita', 5, 15);
INSERT INTO Disciplina (id_disciplina, nome, id_depto, coordenador_disciplina) VALUES (6, 'Disciplina Nisi', 1, 18);
INSERT INTO Disciplina (id_disciplina, nome, id_depto, coordenador_disciplina) VALUES (7, 'Disciplina Ut', 2, 1);
INSERT INTO Disciplina (id_disciplina, nome, id_depto, coordenador_disciplina) VALUES (8, 'Disciplina Aperiam', 3, 4);
INSERT INTO Disciplina (id_disciplina, nome, id_depto, coordenador_disciplina) VALUES (9, 'Disciplina Distinctio', 4, 7);
INSERT INTO Disciplina (id_disciplina, nome, id_depto, coordenador_disciplina) VALUES (10, 'Disciplina Sed', 5, 10);
INSERT INTO Disciplina (id_disciplina, nome, id_depto, coordenador_disciplina) VALUES (11, 'Disciplina Sit', 1, 13);
INSERT INTO Disciplina (id_disciplina, nome, id_depto, coordenador_disciplina) VALUES (12, 'Disciplina Ex', 2, 16);
INSERT INTO Disciplina (id_disciplina, nome, id_depto, coordenador_disciplina) VALUES (13, 'Disciplina Possimus', 3, 19);
INSERT INTO Disciplina (id_disciplina, nome, id_depto, coordenador_disciplina) VALUES (14, 'Disciplina Minus', 4, 2);
INSERT INTO Disciplina (id_disciplina, nome, id_depto, coordenador_disciplina) VALUES (15, 'Disciplina Similique', 5, 5);
INSERT INTO Disciplina (id_disciplina, nome, id_depto, coordenador_disciplina) VALUES (16, 'Disciplina Explicabo', 1, 8);
INSERT INTO Disciplina (id_disciplina, nome, id_depto, coordenador_disciplina) VALUES (17, 'Disciplina Delectus', 2, 11);
INSERT INTO Disciplina (id_disciplina, nome, id_depto, coordenador_disciplina) VALUES (18, 'Disciplina Delectus', 3, 14);
INSERT INTO Disciplina (id_disciplina, nome, id_depto, coordenador_disciplina) VALUES (19, 'Disciplina Consequatur', 4, 17);
INSERT INTO Disciplina (id_disciplina, nome, id_depto, coordenador_disciplina) VALUES (20, 'Disciplina Enim', 5, 20);

-- TURMAS
INSERT INTO Turma (id_turma, periodo, ano, semestre_ano, id_disciplina, id_curso) VALUES (1, 2, 2022, '2', 1, 1);
INSERT INTO Turma (id_turma, periodo, ano, semestre_ano, id_disciplina, id_curso) VALUES (2, 4, 2022, '1', 2, 2);
INSERT INTO Turma (id_turma, periodo, ano, semestre_ano, id_disciplina, id_curso) VALUES (3, 2, 2024, '1', 3, 3);
INSERT INTO Turma (id_turma, periodo, ano, semestre_ano, id_disciplina, id_curso) VALUES (4, 7, 2022, '1', 4, 4);
INSERT INTO Turma (id_turma, periodo, ano, semestre_ano, id_disciplina, id_curso) VALUES (5, 2, 2022, '1', 5, 1);
INSERT INTO Turma (id_turma, periodo, ano, semestre_ano, id_disciplina, id_curso) VALUES (6, 1, 2024, '1', 6, 2);
INSERT INTO Turma (id_turma, periodo, ano, semestre_ano, id_disciplina, id_curso) VALUES (7, 7, 2022, '2', 7, 3);
INSERT INTO Turma (id_turma, periodo, ano, semestre_ano, id_disciplina, id_curso) VALUES (8, 5, 2022, '1', 8, 4);
INSERT INTO Turma (id_turma, periodo, ano, semestre_ano, id_disciplina, id_curso) VALUES (9, 7, 2023, '2', 9, 1);
INSERT INTO Turma (id_turma, periodo, ano, semestre_ano, id_disciplina, id_curso) VALUES (10, 3, 2022, '2', 10, 2);

-- ALUNOS
INSERT INTO Aluno (id_aluno, cpf, id_curso, id_turma) VALUES (1, '210.956.378-86', 1, 1);
INSERT INTO Aluno (id_aluno, cpf, id_curso, id_turma) VALUES (2, '134.578.602-62', 2, 2);
INSERT INTO Aluno (id_aluno, cpf, id_curso, id_turma) VALUES (3, '481.063.527-90', 3, 3);
INSERT INTO Aluno (id_aluno, cpf, id_curso, id_turma) VALUES (4, '975.214.630-99', 4, 4);
INSERT INTO Aluno (id_aluno, cpf, id_curso, id_turma) VALUES (5, '930.147.652-52', 1, 5);
INSERT INTO Aluno (id_aluno, cpf, id_curso, id_turma) VALUES (6, '435.916.807-10', 2, 6);
INSERT INTO Aluno (id_aluno, cpf, id_curso, id_turma) VALUES (7, '026.917.453-25', 3, 7);
INSERT INTO Aluno (id_aluno, cpf, id_curso, id_turma) VALUES (8, '836.172.549-00', 4, 8);
INSERT INTO Aluno (id_aluno, cpf, id_curso, id_turma) VALUES (9, '103.987.526-21', 1, 9);
INSERT INTO Aluno (id_aluno, cpf, id_curso, id_turma) VALUES (10, '932.640.578-83', 2, 10);
INSERT INTO Aluno (id_aluno, cpf, id_curso, id_turma) VALUES (11, '617.250.438-07', 3, 1);
INSERT INTO Aluno (id_aluno, cpf, id_curso, id_turma) VALUES (12, '267.514.938-19', 4, 2);
INSERT INTO Aluno (id_aluno, cpf, id_curso, id_turma) VALUES (13, '843.596.017-00', 1, 3);
INSERT INTO Aluno (id_aluno, cpf, id_curso, id_turma) VALUES (14, '042.598.713-23', 2, 4);
INSERT INTO Aluno (id_aluno, cpf, id_curso, id_turma) VALUES (15, '729.306.514-07', 3, 5);
INSERT INTO Aluno (id_aluno, cpf, id_curso, id_turma) VALUES (16, '132.049.785-32', 4, 6);
INSERT INTO Aluno (id_aluno, cpf, id_curso, id_turma) VALUES (17, '082.457.963-10', 1, 7);
INSERT INTO Aluno (id_aluno, cpf, id_curso, id_turma) VALUES (18, '271.956.430-34', 2, 8);
INSERT INTO Aluno (id_aluno, cpf, id_curso, id_turma) VALUES (19, '816.597.023-21', 3, 9);
INSERT INTO Aluno (id_aluno, cpf, id_curso, id_turma) VALUES (20, '165.784.029-85', 4, 10);
INSERT INTO Aluno (id_aluno, cpf, id_curso, id_turma) VALUES (21, '892.705.413-04', 1, 1);
INSERT INTO Aluno (id_aluno, cpf, id_curso, id_turma) VALUES (22, '517.023.984-04', 2, 2);
INSERT INTO Aluno (id_aluno, cpf, id_curso, id_turma) VALUES (23, '612.850.394-24', 3, 3);
INSERT INTO Aluno (id_aluno, cpf, id_curso, id_turma) VALUES (24, '354.891.726-73', 4, 4);
INSERT INTO Aluno (id_aluno, cpf, id_curso, id_turma) VALUES (25, '205.897.314-32', 1, 5);
INSERT INTO Aluno (id_aluno, cpf, id_curso, id_turma) VALUES (26, '904.528.176-76', 2, 6);
INSERT INTO Aluno (id_aluno, cpf, id_curso, id_turma) VALUES (27, '034.918.256-60', 3, 7);
INSERT INTO Aluno (id_aluno, cpf, id_curso, id_turma) VALUES (28, '904.573.628-47', 4, 8);
INSERT INTO Aluno (id_aluno, cpf, id_curso, id_turma) VALUES (29, '839.105.472-14', 1, 9);
INSERT INTO Aluno (id_aluno, cpf, id_curso, id_turma) VALUES (30, '871.025.634-26', 2, 10);
INSERT INTO Aluno (id_aluno, cpf, id_curso, id_turma) VALUES (31, '490.753.286-56', 3, 1);
INSERT INTO Aluno (id_aluno, cpf, id_curso, id_turma) VALUES (32, '347.820.596-47', 4, 2);
INSERT INTO Aluno (id_aluno, cpf, id_curso, id_turma) VALUES (33, '189.027.564-67', 1, 3);
INSERT INTO Aluno (id_aluno, cpf, id_curso, id_turma) VALUES (34, '139.572.864-09', 2, 4);
INSERT INTO Aluno (id_aluno, cpf, id_curso, id_turma) VALUES (35, '813.950.764-48', 3, 5);
INSERT INTO Aluno (id_aluno, cpf, id_curso, id_turma) VALUES (36, '735.860.149-10', 4, 6);
INSERT INTO Aluno (id_aluno, cpf, id_curso, id_turma) VALUES (37, '918.364.075-48', 1, 7);
INSERT INTO Aluno (id_aluno, cpf, id_curso, id_turma) VALUES (38, '198.675.234-82', 2, 8);
INSERT INTO Aluno (id_aluno, cpf, id_curso, id_turma) VALUES (39, '687.210.594-11', 3, 9);
INSERT INTO Aluno (id_aluno, cpf, id_curso, id_turma) VALUES (40, '681.705.492-30', 4, 10);
INSERT INTO Aluno (id_aluno, cpf, id_curso, id_turma) VALUES (41, '319.274.805-23', 1, 1);
INSERT INTO Aluno (id_aluno, cpf, id_curso, id_turma) VALUES (42, '089.463.127-69', 2, 2);
INSERT INTO Aluno (id_aluno, cpf, id_curso, id_turma) VALUES (43, '420.981.763-50', 3, 3);
INSERT INTO Aluno (id_aluno, cpf, id_curso, id_turma) VALUES (44, '147.395.602-16', 4, 4);
INSERT INTO Aluno (id_aluno, cpf, id_curso, id_turma) VALUES (45, '789.614.023-31', 1, 5);
INSERT INTO Aluno (id_aluno, cpf, id_curso, id_turma) VALUES (46, '085.426.713-17', 2, 6);
INSERT INTO Aluno (id_aluno, cpf, id_curso, id_turma) VALUES (47, '740.621.938-50', 3, 7);
INSERT INTO Aluno (id_aluno, cpf, id_curso, id_turma) VALUES (48, '816.704.953-10', 4, 8);
INSERT INTO Aluno (id_aluno, cpf, id_curso, id_turma) VALUES (49, '617.934.285-73', 1, 9);
INSERT INTO Aluno (id_aluno, cpf, id_curso, id_turma) VALUES (50, '736.982.504-38', 2, 10);
INSERT INTO Aluno (id_aluno, cpf, id_curso, id_turma) VALUES (51, '205.376.419-80', 3, 1);
INSERT INTO Aluno (id_aluno, cpf, id_curso, id_turma) VALUES (52, '924.106.387-40', 4, 2);
INSERT INTO Aluno (id_aluno, cpf, id_curso, id_turma) VALUES (53, '902.578.341-41', 1, 3);
INSERT INTO Aluno (id_aluno, cpf, id_curso, id_turma) VALUES (54, '783.691.425-91', 2, 4);
INSERT INTO Aluno (id_aluno, cpf, id_curso, id_turma) VALUES (55, '893.012.764-96', 3, 5);
INSERT INTO Aluno (id_aluno, cpf, id_curso, id_turma) VALUES (56, '721.459.630-06', 4, 6);
INSERT INTO Aluno (id_aluno, cpf, id_curso, id_turma) VALUES (57, '807.654.932-92', 1, 7);
INSERT INTO Aluno (id_aluno, cpf, id_curso, id_turma) VALUES (58, '918.736.245-73', 2, 8);
INSERT INTO Aluno (id_aluno, cpf, id_curso, id_turma) VALUES (59, '628.941.573-55', 3, 9);
INSERT INTO Aluno (id_aluno, cpf, id_curso, id_turma) VALUES (60, '768.154.239-64', 4, 10);

-- AULAS
INSERT INTO Aula (id_aula, id_turma, professor_aula) VALUES (1, 1, 1);
INSERT INTO Aula (id_aula, id_turma, professor_aula) VALUES (2, 2, 2);
INSERT INTO Aula (id_aula, id_turma, professor_aula) VALUES (3, 3, 3);
INSERT INTO Aula (id_aula, id_turma, professor_aula) VALUES (4, 4, 4);
INSERT INTO Aula (id_aula, id_turma, professor_aula) VALUES (5, 5, 5);
INSERT INTO Aula (id_aula, id_turma, professor_aula) VALUES (6, 6, 6);
INSERT INTO Aula (id_aula, id_turma, professor_aula) VALUES (7, 7, 7);
INSERT INTO Aula (id_aula, id_turma, professor_aula) VALUES (8, 8, 8);
INSERT INTO Aula (id_aula, id_turma, professor_aula) VALUES (9, 9, 9);
INSERT INTO Aula (id_aula, id_turma, professor_aula) VALUES (10, 10, 10);

-- AVALIAÇÕES
INSERT INTO Avaliacao (id_avaliacao, nota, id_disciplina) VALUES (1, 2, 1);
INSERT INTO Avaliacao (id_avaliacao, nota, id_disciplina) VALUES (2, 2, 2);
INSERT INTO Avaliacao (id_avaliacao, nota, id_disciplina) VALUES (3, 7, 3);
INSERT INTO Avaliacao (id_avaliacao, nota, id_disciplina) VALUES (4, 2, 4);
INSERT INTO Avaliacao (id_avaliacao, nota, id_disciplina) VALUES (5, 6, 5);
INSERT INTO Avaliacao (id_avaliacao, nota, id_disciplina) VALUES (6, 6, 6);
INSERT INTO Avaliacao (id_avaliacao, nota, id_disciplina) VALUES (7, 10, 7);
INSERT INTO Avaliacao (id_avaliacao, nota, id_disciplina) VALUES (8, 5, 8);
INSERT INTO Avaliacao (id_avaliacao, nota, id_disciplina) VALUES (9, 1, 9);
INSERT INTO Avaliacao (id_avaliacao, nota, id_disciplina) VALUES (10, 8, 10);
INSERT INTO Avaliacao (id_avaliacao, nota, id_disciplina) VALUES (11, 9, 11);
INSERT INTO Avaliacao (id_avaliacao, nota, id_disciplina) VALUES (12, 2, 12);
INSERT INTO Avaliacao (id_avaliacao, nota, id_disciplina) VALUES (13, 7, 13);
INSERT INTO Avaliacao (id_avaliacao, nota, id_disciplina) VALUES (14, 2, 14);
INSERT INTO Avaliacao (id_avaliacao, nota, id_disciplina) VALUES (15, 9, 15);
INSERT INTO Avaliacao (id_avaliacao, nota, id_disciplina) VALUES (16, 5, 16);
INSERT INTO Avaliacao (id_avaliacao, nota, id_disciplina) VALUES (17, 10, 17);
INSERT INTO Avaliacao (id_avaliacao, nota, id_disciplina) VALUES (18, 6, 18);
INSERT INTO Avaliacao (id_avaliacao, nota, id_disciplina) VALUES (19, 10, 19);
INSERT INTO Avaliacao (id_avaliacao, nota, id_disciplina) VALUES (20, 4, 20);
INSERT INTO Avaliacao (id_avaliacao, nota, id_disciplina) VALUES (21, 2, 1);
INSERT INTO Avaliacao (id_avaliacao, nota, id_disciplina) VALUES (22, 1, 2);
INSERT INTO Avaliacao (id_avaliacao, nota, id_disciplina) VALUES (23, 4, 3);
INSERT INTO Avaliacao (id_avaliacao, nota, id_disciplina) VALUES (24, 5, 4);
INSERT INTO Avaliacao (id_avaliacao, nota, id_disciplina) VALUES (25, 2, 5);
INSERT INTO Avaliacao (id_avaliacao, nota, id_disciplina) VALUES (26, 4, 6);
INSERT INTO Avaliacao (id_avaliacao, nota, id_disciplina) VALUES (27, 2, 7);
INSERT INTO Avaliacao (id_avaliacao, nota, id_disciplina) VALUES (28, 7, 8);
INSERT INTO Avaliacao (id_avaliacao, nota, id_disciplina) VALUES (29, 5, 9);
INSERT INTO Avaliacao (id_avaliacao, nota, id_disciplina) VALUES (30, 8, 10);

-- NOTAS E HISTÓRICO
INSERT INTO Nota (id_nota, id_aluno, id_turma, concluido, id_avaliacao) VALUES (1, 1, 2, TRUE, 2);
INSERT INTO HistoricoEscolar (id_aluno, id_turma, id_nota) VALUES (1, 2, 1);
INSERT INTO Nota (id_nota, id_aluno, id_turma, concluido, id_avaliacao) VALUES (2, 1, 3, TRUE, 3);
INSERT INTO HistoricoEscolar (id_aluno, id_turma, id_nota) VALUES (1, 3, 2);
INSERT INTO Nota (id_nota, id_aluno, id_turma, concluido, id_avaliacao) VALUES (3, 1, 4, TRUE, 4);
INSERT INTO HistoricoEscolar (id_aluno, id_turma, id_nota) VALUES (1, 4, 3);
INSERT INTO Nota (id_nota, id_aluno, id_turma, concluido, id_avaliacao) VALUES (4, 2, 3, TRUE, 3);
INSERT INTO HistoricoEscolar (id_aluno, id_turma, id_nota) VALUES (2, 3, 4);
INSERT INTO Nota (id_nota, id_aluno, id_turma, concluido, id_avaliacao) VALUES (5, 2, 4, TRUE, 4);
INSERT INTO HistoricoEscolar (id_aluno, id_turma, id_nota) VALUES (2, 4, 5);
INSERT INTO Nota (id_nota, id_aluno, id_turma, concluido, id_avaliacao) VALUES (6, 2, 5, TRUE, 5);
INSERT INTO HistoricoEscolar (id_aluno, id_turma, id_nota) VALUES (2, 5, 6);
INSERT INTO Nota (id_nota, id_aluno, id_turma, concluido, id_avaliacao) VALUES (7, 3, 4, TRUE, 4);
INSERT INTO HistoricoEscolar (id_aluno, id_turma, id_nota) VALUES (3, 4, 7);
INSERT INTO Nota (id_nota, id_aluno, id_turma, concluido, id_avaliacao) VALUES (8, 3, 5, TRUE, 5);
INSERT INTO HistoricoEscolar (id_aluno, id_turma, id_nota) VALUES (3, 5, 8);
INSERT INTO Nota (id_nota, id_aluno, id_turma, concluido, id_avaliacao) VALUES (9, 3, 6, TRUE, 6);
INSERT INTO HistoricoEscolar (id_aluno, id_turma, id_nota) VALUES (3, 6, 9);
INSERT INTO Nota (id_nota, id_aluno, id_turma, concluido, id_avaliacao) VALUES (10, 4, 5, TRUE, 5);
INSERT INTO HistoricoEscolar (id_aluno, id_turma, id_nota) VALUES (4, 5, 10);
INSERT INTO Nota (id_nota, id_aluno, id_turma, concluido, id_avaliacao) VALUES (11, 4, 6, TRUE, 6);
INSERT INTO HistoricoEscolar (id_aluno, id_turma, id_nota) VALUES (4, 6, 11);
INSERT INTO Nota (id_nota, id_aluno, id_turma, concluido, id_avaliacao) VALUES (12, 4, 7, TRUE, 7);
INSERT INTO HistoricoEscolar (id_aluno, id_turma, id_nota) VALUES (4, 7, 12);
INSERT INTO Nota (id_nota, id_aluno, id_turma, concluido, id_avaliacao) VALUES (13, 5, 6, TRUE, 6);
INSERT INTO HistoricoEscolar (id_aluno, id_turma, id_nota) VALUES (5, 6, 13);
INSERT INTO Nota (id_nota, id_aluno, id_turma, concluido, id_avaliacao) VALUES (14, 5, 7, TRUE, 7);
INSERT INTO HistoricoEscolar (id_aluno, id_turma, id_nota) VALUES (5, 7, 14);
INSERT INTO Nota (id_nota, id_aluno, id_turma, concluido, id_avaliacao) VALUES (15, 5, 8, TRUE, 8);
INSERT INTO HistoricoEscolar (id_aluno, id_turma, id_nota) VALUES (5, 8, 15);
INSERT INTO Nota (id_nota, id_aluno, id_turma, concluido, id_avaliacao) VALUES (16, 6, 7, TRUE, 7);
INSERT INTO HistoricoEscolar (id_aluno, id_turma, id_nota) VALUES (6, 7, 16);
INSERT INTO Nota (id_nota, id_aluno, id_turma, concluido, id_avaliacao) VALUES (17, 6, 8, TRUE, 8);
INSERT INTO HistoricoEscolar (id_aluno, id_turma, id_nota) VALUES (6, 8, 17);
INSERT INTO Nota (id_nota, id_aluno, id_turma, concluido, id_avaliacao) VALUES (18, 6, 9, TRUE, 9);
INSERT INTO HistoricoEscolar (id_aluno, id_turma, id_nota) VALUES (6, 9, 18);
INSERT INTO Nota (id_nota, id_aluno, id_turma, concluido, id_avaliacao) VALUES (19, 7, 8, TRUE, 8);
INSERT INTO HistoricoEscolar (id_aluno, id_turma, id_nota) VALUES (7, 8, 19);
INSERT INTO Nota (id_nota, id_aluno, id_turma, concluido, id_avaliacao) VALUES (20, 7, 9, TRUE, 9);
INSERT INTO HistoricoEscolar (id_aluno, id_turma, id_nota) VALUES (7, 9, 20);
INSERT INTO Nota (id_nota, id_aluno, id_turma, concluido, id_avaliacao) VALUES (21, 7, 10, TRUE, 10);
INSERT INTO HistoricoEscolar (id_aluno, id_turma, id_nota) VALUES (7, 10, 21);
INSERT INTO Nota (id_nota, id_aluno, id_turma, concluido, id_avaliacao) VALUES (22, 8, 9, TRUE, 9);
INSERT INTO HistoricoEscolar (id_aluno, id_turma, id_nota) VALUES (8, 9, 22);
INSERT INTO Nota (id_nota, id_aluno, id_turma, concluido, id_avaliacao) VALUES (23, 8, 10, TRUE, 10);
INSERT INTO HistoricoEscolar (id_aluno, id_turma, id_nota) VALUES (8, 10, 23);
INSERT INTO Nota (id_nota, id_aluno, id_turma, concluido, id_avaliacao) VALUES (24, 8, 1, TRUE, 11);
INSERT INTO HistoricoEscolar (id_aluno, id_turma, id_nota) VALUES (8, 1, 24);
INSERT INTO Nota (id_nota, id_aluno, id_turma, concluido, id_avaliacao) VALUES (25, 9, 10, TRUE, 10);
INSERT INTO HistoricoEscolar (id_aluno, id_turma, id_nota) VALUES (9, 10, 25);
INSERT INTO Nota (id_nota, id_aluno, id_turma, concluido, id_avaliacao) VALUES (26, 9, 1, TRUE, 11);
INSERT INTO HistoricoEscolar (id_aluno, id_turma, id_nota) VALUES (9, 1, 26);
INSERT INTO Nota (id_nota, id_aluno, id_turma, concluido, id_avaliacao) VALUES (27, 9, 2, TRUE, 12);
INSERT INTO HistoricoEscolar (id_aluno, id_turma, id_nota) VALUES (9, 2, 27);
INSERT INTO Nota (id_nota, id_aluno, id_turma, concluido, id_avaliacao) VALUES (28, 10, 1, TRUE, 11);
INSERT INTO HistoricoEscolar (id_aluno, id_turma, id_nota) VALUES (10, 1, 28);
INSERT INTO Nota (id_nota, id_aluno, id_turma, concluido, id_avaliacao) VALUES (29, 10, 2, TRUE, 12);
INSERT INTO HistoricoEscolar (id_aluno, id_turma, id_nota) VALUES (10, 2, 29);
INSERT INTO Nota (id_nota, id_aluno, id_turma, concluido, id_avaliacao) VALUES (30, 10, 3, TRUE, 13);
INSERT INTO HistoricoEscolar (id_aluno, id_turma, id_nota) VALUES (10, 3, 30);
INSERT INTO Nota (id_nota, id_aluno, id_turma, concluido, id_avaliacao) VALUES (31, 11, 2, TRUE, 12);
INSERT INTO HistoricoEscolar (id_aluno, id_turma, id_nota) VALUES (11, 2, 31);
INSERT INTO Nota (id_nota, id_aluno, id_turma, concluido, id_avaliacao) VALUES (32, 11, 3, TRUE, 13);
INSERT INTO HistoricoEscolar (id_aluno, id_turma, id_nota) VALUES (11, 3, 32);
INSERT INTO Nota (id_nota, id_aluno, id_turma, concluido, id_avaliacao) VALUES (33, 11, 4, TRUE, 14);
INSERT INTO HistoricoEscolar (id_aluno, id_turma, id_nota) VALUES (11, 4, 33);
INSERT INTO Nota (id_nota, id_aluno, id_turma, concluido, id_avaliacao) VALUES (34, 12, 3, TRUE, 13);
INSERT INTO HistoricoEscolar (id_aluno, id_turma, id_nota) VALUES (12, 3, 34);
INSERT INTO Nota (id_nota, id_aluno, id_turma, concluido, id_avaliacao) VALUES (35, 12, 4, TRUE, 14);
INSERT INTO HistoricoEscolar (id_aluno, id_turma, id_nota) VALUES (12, 4, 35);
INSERT INTO Nota (id_nota, id_aluno, id_turma, concluido, id_avaliacao) VALUES (36, 12, 5, TRUE, 15);
INSERT INTO HistoricoEscolar (id_aluno, id_turma, id_nota) VALUES (12, 5, 36);
INSERT INTO Nota (id_nota, id_aluno, id_turma, concluido, id_avaliacao) VALUES (37, 13, 4, TRUE, 14);
INSERT INTO HistoricoEscolar (id_aluno, id_turma, id_nota) VALUES (13, 4, 37);
INSERT INTO Nota (id_nota, id_aluno, id_turma, concluido, id_avaliacao) VALUES (38, 13, 5, TRUE, 15);
INSERT INTO HistoricoEscolar (id_aluno, id_turma, id_nota) VALUES (13, 5, 38);
INSERT INTO Nota (id_nota, id_aluno, id_turma, concluido, id_avaliacao) VALUES (39, 13, 6, TRUE, 16);
INSERT INTO HistoricoEscolar (id_aluno, id_turma, id_nota) VALUES (13, 6, 39);
INSERT INTO Nota (id_nota, id_aluno, id_turma, concluido, id_avaliacao) VALUES (40, 14, 5, TRUE, 15);
INSERT INTO HistoricoEscolar (id_aluno, id_turma, id_nota) VALUES (14, 5, 40);
INSERT INTO Nota (id_nota, id_aluno, id_turma, concluido, id_avaliacao) VALUES (41, 14, 6, TRUE, 16);
INSERT INTO HistoricoEscolar (id_aluno, id_turma, id_nota) VALUES (14, 6, 41);
INSERT INTO Nota (id_nota, id_aluno, id_turma, concluido, id_avaliacao) VALUES (42, 14, 7, TRUE, 17);
INSERT INTO HistoricoEscolar (id_aluno, id_turma, id_nota) VALUES (14, 7, 42);
INSERT INTO Nota (id_nota, id_aluno, id_turma, concluido, id_avaliacao) VALUES (43, 15, 6, TRUE, 16);
INSERT INTO HistoricoEscolar (id_aluno, id_turma, id_nota) VALUES (15, 6, 43);
INSERT INTO Nota (id_nota, id_aluno, id_turma, concluido, id_avaliacao) VALUES (44, 15, 7, TRUE, 17);
INSERT INTO HistoricoEscolar (id_aluno, id_turma, id_nota) VALUES (15, 7, 44);
INSERT INTO Nota (id_nota, id_aluno, id_turma, concluido, id_avaliacao) VALUES (45, 15, 8, TRUE, 18);
INSERT INTO HistoricoEscolar (id_aluno, id_turma, id_nota) VALUES (15, 8, 45);
INSERT INTO Nota (id_nota, id_aluno, id_turma, concluido, id_avaliacao) VALUES (46, 16, 7, TRUE, 17);
INSERT INTO HistoricoEscolar (id_aluno, id_turma, id_nota) VALUES (16, 7, 46);
INSERT INTO Nota (id_nota, id_aluno, id_turma, concluido, id_avaliacao) VALUES (47, 16, 8, TRUE, 18);
INSERT INTO HistoricoEscolar (id_aluno, id_turma, id_nota) VALUES (16, 8, 47);
INSERT INTO Nota (id_nota, id_aluno, id_turma, concluido, id_avaliacao) VALUES (48, 16, 9, TRUE, 19);
INSERT INTO HistoricoEscolar (id_aluno, id_turma, id_nota) VALUES (16, 9, 48);
INSERT INTO Nota (id_nota, id_aluno, id_turma, concluido, id_avaliacao) VALUES (49, 17, 8, TRUE, 18);
INSERT INTO HistoricoEscolar (id_aluno, id_turma, id_nota) VALUES (17, 8, 49);
INSERT INTO Nota (id_nota, id_aluno, id_turma, concluido, id_avaliacao) VALUES (50, 17, 9, TRUE, 19);
INSERT INTO HistoricoEscolar (id_aluno, id_turma, id_nota) VALUES (17, 9, 50);
INSERT INTO Nota (id_nota, id_aluno, id_turma, concluido, id_avaliacao) VALUES (51, 17, 10, TRUE, 20);
INSERT INTO HistoricoEscolar (id_aluno, id_turma, id_nota) VALUES (17, 10, 51);
INSERT INTO Nota (id_nota, id_aluno, id_turma, concluido, id_avaliacao) VALUES (52, 18, 9, TRUE, 19);
INSERT INTO HistoricoEscolar (id_aluno, id_turma, id_nota) VALUES (18, 9, 52);
INSERT INTO Nota (id_nota, id_aluno, id_turma, concluido, id_avaliacao) VALUES (53, 18, 10, TRUE, 20);
INSERT INTO HistoricoEscolar (id_aluno, id_turma, id_nota) VALUES (18, 10, 53);
INSERT INTO Nota (id_nota, id_aluno, id_turma, concluido, id_avaliacao) VALUES (54, 18, 1, TRUE, 21);
INSERT INTO HistoricoEscolar (id_aluno, id_turma, id_nota) VALUES (18, 1, 54);
INSERT INTO Nota (id_nota, id_aluno, id_turma, concluido, id_avaliacao) VALUES (55, 19, 10, TRUE, 20);
INSERT INTO HistoricoEscolar (id_aluno, id_turma, id_nota) VALUES (19, 10, 55);
INSERT INTO Nota (id_nota, id_aluno, id_turma, concluido, id_avaliacao) VALUES (56, 19, 1, TRUE, 21);
INSERT INTO HistoricoEscolar (id_aluno, id_turma, id_nota) VALUES (19, 1, 56);
INSERT INTO Nota (id_nota, id_aluno, id_turma, concluido, id_avaliacao) VALUES (57, 19, 2, TRUE, 22);
INSERT INTO HistoricoEscolar (id_aluno, id_turma, id_nota) VALUES (19, 2, 57);
INSERT INTO Nota (id_nota, id_aluno, id_turma, concluido, id_avaliacao) VALUES (58, 20, 1, TRUE, 21);
INSERT INTO HistoricoEscolar (id_aluno, id_turma, id_nota) VALUES (20, 1, 58);
INSERT INTO Nota (id_nota, id_aluno, id_turma, concluido, id_avaliacao) VALUES (59, 20, 2, TRUE, 22);
INSERT INTO HistoricoEscolar (id_aluno, id_turma, id_nota) VALUES (20, 2, 59);
INSERT INTO Nota (id_nota, id_aluno, id_turma, concluido, id_avaliacao) VALUES (60, 20, 3, TRUE, 23);
INSERT INTO HistoricoEscolar (id_aluno, id_turma, id_nota) VALUES (20, 3, 60);
INSERT INTO Nota (id_nota, id_aluno, id_turma, concluido, id_avaliacao) VALUES (61, 21, 2, TRUE, 22);
INSERT INTO HistoricoEscolar (id_aluno, id_turma, id_nota) VALUES (21, 2, 61);
INSERT INTO Nota (id_nota, id_aluno, id_turma, concluido, id_avaliacao) VALUES (62, 21, 3, TRUE, 23);
INSERT INTO HistoricoEscolar (id_aluno, id_turma, id_nota) VALUES (21, 3, 62);
INSERT INTO Nota (id_nota, id_aluno, id_turma, concluido, id_avaliacao) VALUES (63, 21, 4, TRUE, 24);
INSERT INTO HistoricoEscolar (id_aluno, id_turma, id_nota) VALUES (21, 4, 63);
INSERT INTO Nota (id_nota, id_aluno, id_turma, concluido, id_avaliacao) VALUES (64, 22, 3, TRUE, 23);
INSERT INTO HistoricoEscolar (id_aluno, id_turma, id_nota) VALUES (22, 3, 64);
INSERT INTO Nota (id_nota, id_aluno, id_turma, concluido, id_avaliacao) VALUES (65, 22, 4, TRUE, 24);
INSERT INTO HistoricoEscolar (id_aluno, id_turma, id_nota) VALUES (22, 4, 65);
INSERT INTO Nota (id_nota, id_aluno, id_turma, concluido, id_avaliacao) VALUES (66, 22, 5, TRUE, 25);
INSERT INTO HistoricoEscolar (id_aluno, id_turma, id_nota) VALUES (22, 5, 66);
INSERT INTO Nota (id_nota, id_aluno, id_turma, concluido, id_avaliacao) VALUES (67, 23, 4, TRUE, 24);
INSERT INTO HistoricoEscolar (id_aluno, id_turma, id_nota) VALUES (23, 4, 67);
INSERT INTO Nota (id_nota, id_aluno, id_turma, concluido, id_avaliacao) VALUES (68, 23, 5, TRUE, 25);
INSERT INTO HistoricoEscolar (id_aluno, id_turma, id_nota) VALUES (23, 5, 68);
INSERT INTO Nota (id_nota, id_aluno, id_turma, concluido, id_avaliacao) VALUES (69, 23, 6, TRUE, 26);
INSERT INTO HistoricoEscolar (id_aluno, id_turma, id_nota) VALUES (23, 6, 69);
INSERT INTO Nota (id_nota, id_aluno, id_turma, concluido, id_avaliacao) VALUES (70, 24, 5, TRUE, 25);
INSERT INTO HistoricoEscolar (id_aluno, id_turma, id_nota) VALUES (24, 5, 70);
INSERT INTO Nota (id_nota, id_aluno, id_turma, concluido, id_avaliacao) VALUES (71, 24, 6, TRUE, 26);
INSERT INTO HistoricoEscolar (id_aluno, id_turma, id_nota) VALUES (24, 6, 71);
INSERT INTO Nota (id_nota, id_aluno, id_turma, concluido, id_avaliacao) VALUES (72, 24, 7, TRUE, 27);
INSERT INTO HistoricoEscolar (id_aluno, id_turma, id_nota) VALUES (24, 7, 72);
INSERT INTO Nota (id_nota, id_aluno, id_turma, concluido, id_avaliacao) VALUES (73, 25, 6, TRUE, 26);
INSERT INTO HistoricoEscolar (id_aluno, id_turma, id_nota) VALUES (25, 6, 73);
INSERT INTO Nota (id_nota, id_aluno, id_turma, concluido, id_avaliacao) VALUES (74, 25, 7, TRUE, 27);
INSERT INTO HistoricoEscolar (id_aluno, id_turma, id_nota) VALUES (25, 7, 74);
INSERT INTO Nota (id_nota, id_aluno, id_turma, concluido, id_avaliacao) VALUES (75, 25, 8, TRUE, 28);
INSERT INTO HistoricoEscolar (id_aluno, id_turma, id_nota) VALUES (25, 8, 75);
INSERT INTO Nota (id_nota, id_aluno, id_turma, concluido, id_avaliacao) VALUES (76, 26, 7, TRUE, 27);
INSERT INTO HistoricoEscolar (id_aluno, id_turma, id_nota) VALUES (26, 7, 76);
INSERT INTO Nota (id_nota, id_aluno, id_turma, concluido, id_avaliacao) VALUES (77, 26, 8, TRUE, 28);
INSERT INTO HistoricoEscolar (id_aluno, id_turma, id_nota) VALUES (26, 8, 77);
INSERT INTO Nota (id_nota, id_aluno, id_turma, concluido, id_avaliacao) VALUES (78, 26, 9, TRUE, 29);
INSERT INTO HistoricoEscolar (id_aluno, id_turma, id_nota) VALUES (26, 9, 78);
INSERT INTO Nota (id_nota, id_aluno, id_turma, concluido, id_avaliacao) VALUES (79, 27, 8, TRUE, 28);
INSERT INTO HistoricoEscolar (id_aluno, id_turma, id_nota) VALUES (27, 8, 79);
INSERT INTO Nota (id_nota, id_aluno, id_turma, concluido, id_avaliacao) VALUES (80, 27, 9, TRUE, 29);
INSERT INTO HistoricoEscolar (id_aluno, id_turma, id_nota) VALUES (27, 9, 80);
INSERT INTO Nota (id_nota, id_aluno, id_turma, concluido, id_avaliacao) VALUES (81, 27, 10, TRUE, 30);
INSERT INTO HistoricoEscolar (id_aluno, id_turma, id_nota) VALUES (27, 10, 81);
INSERT INTO Nota (id_nota, id_aluno, id_turma, concluido, id_avaliacao) VALUES (82, 28, 9, TRUE, 29);
INSERT INTO HistoricoEscolar (id_aluno, id_turma, id_nota) VALUES (28, 9, 82);
INSERT INTO Nota (id_nota, id_aluno, id_turma, concluido, id_avaliacao) VALUES (83, 28, 10, TRUE, 30);
INSERT INTO HistoricoEscolar (id_aluno, id_turma, id_nota) VALUES (28, 10, 83);
INSERT INTO Nota (id_nota, id_aluno, id_turma, concluido, id_avaliacao) VALUES (84, 28, 1, TRUE, 1);
INSERT INTO HistoricoEscolar (id_aluno, id_turma, id_nota) VALUES (28, 1, 84);
INSERT INTO Nota (id_nota, id_aluno, id_turma, concluido, id_avaliacao) VALUES (85, 29, 10, TRUE, 30);
INSERT INTO HistoricoEscolar (id_aluno, id_turma, id_nota) VALUES (29, 10, 85);
INSERT INTO Nota (id_nota, id_aluno, id_turma, concluido, id_avaliacao) VALUES (86, 29, 1, TRUE, 1);
INSERT INTO HistoricoEscolar (id_aluno, id_turma, id_nota) VALUES (29, 1, 86);
INSERT INTO Nota (id_nota, id_aluno, id_turma, concluido, id_avaliacao) VALUES (87, 29, 2, TRUE, 2);
INSERT INTO HistoricoEscolar (id_aluno, id_turma, id_nota) VALUES (29, 2, 87);
INSERT INTO Nota (id_nota, id_aluno, id_turma, concluido, id_avaliacao) VALUES (88, 30, 1, TRUE, 1);
INSERT INTO HistoricoEscolar (id_aluno, id_turma, id_nota) VALUES (30, 1, 88);
INSERT INTO Nota (id_nota, id_aluno, id_turma, concluido, id_avaliacao) VALUES (89, 30, 2, TRUE, 2);
INSERT INTO HistoricoEscolar (id_aluno, id_turma, id_nota) VALUES (30, 2, 89);
INSERT INTO Nota (id_nota, id_aluno, id_turma, concluido, id_avaliacao) VALUES (90, 30, 3, TRUE, 3);
INSERT INTO HistoricoEscolar (id_aluno, id_turma, id_nota) VALUES (30, 3, 90);
INSERT INTO Nota (id_nota, id_aluno, id_turma, concluido, id_avaliacao) VALUES (91, 31, 2, TRUE, 2);
INSERT INTO HistoricoEscolar (id_aluno, id_turma, id_nota) VALUES (31, 2, 91);
INSERT INTO Nota (id_nota, id_aluno, id_turma, concluido, id_avaliacao) VALUES (92, 31, 3, TRUE, 3);
INSERT INTO HistoricoEscolar (id_aluno, id_turma, id_nota) VALUES (31, 3, 92);
INSERT INTO Nota (id_nota, id_aluno, id_turma, concluido, id_avaliacao) VALUES (93, 31, 4, TRUE, 4);
INSERT INTO HistoricoEscolar (id_aluno, id_turma, id_nota) VALUES (31, 4, 93);
INSERT INTO Nota (id_nota, id_aluno, id_turma, concluido, id_avaliacao) VALUES (94, 32, 3, TRUE, 3);
INSERT INTO HistoricoEscolar (id_aluno, id_turma, id_nota) VALUES (32, 3, 94);
INSERT INTO Nota (id_nota, id_aluno, id_turma, concluido, id_avaliacao) VALUES (95, 32, 4, TRUE, 4);
INSERT INTO HistoricoEscolar (id_aluno, id_turma, id_nota) VALUES (32, 4, 95);
INSERT INTO Nota (id_nota, id_aluno, id_turma, concluido, id_avaliacao) VALUES (96, 32, 5, TRUE, 5);
INSERT INTO HistoricoEscolar (id_aluno, id_turma, id_nota) VALUES (32, 5, 96);
INSERT INTO Nota (id_nota, id_aluno, id_turma, concluido, id_avaliacao) VALUES (97, 33, 4, TRUE, 4);
INSERT INTO HistoricoEscolar (id_aluno, id_turma, id_nota) VALUES (33, 4, 97);
INSERT INTO Nota (id_nota, id_aluno, id_turma, concluido, id_avaliacao) VALUES (98, 33, 5, TRUE, 5);
INSERT INTO HistoricoEscolar (id_aluno, id_turma, id_nota) VALUES (33, 5, 98);
INSERT INTO Nota (id_nota, id_aluno, id_turma, concluido, id_avaliacao) VALUES (99, 33, 6, TRUE, 6);
INSERT INTO HistoricoEscolar (id_aluno, id_turma, id_nota) VALUES (33, 6, 99);
INSERT INTO Nota (id_nota, id_aluno, id_turma, concluido, id_avaliacao) VALUES (100, 34, 5, TRUE, 5);
INSERT INTO HistoricoEscolar (id_aluno, id_turma, id_nota) VALUES (34, 5, 100);
INSERT INTO Nota (id_nota, id_aluno, id_turma, concluido, id_avaliacao) VALUES (101, 34, 6, TRUE, 6);
INSERT INTO HistoricoEscolar (id_aluno, id_turma, id_nota) VALUES (34, 6, 101);
INSERT INTO Nota (id_nota, id_aluno, id_turma, concluido, id_avaliacao) VALUES (102, 34, 7, TRUE, 7);
INSERT INTO HistoricoEscolar (id_aluno, id_turma, id_nota) VALUES (34, 7, 102);
INSERT INTO Nota (id_nota, id_aluno, id_turma, concluido, id_avaliacao) VALUES (103, 35, 6, TRUE, 6);
INSERT INTO HistoricoEscolar (id_aluno, id_turma, id_nota) VALUES (35, 6, 103);
INSERT INTO Nota (id_nota, id_aluno, id_turma, concluido, id_avaliacao) VALUES (104, 35, 7, TRUE, 7);
INSERT INTO HistoricoEscolar (id_aluno, id_turma, id_nota) VALUES (35, 7, 104);
INSERT INTO Nota (id_nota, id_aluno, id_turma, concluido, id_avaliacao) VALUES (105, 35, 8, TRUE, 8);
INSERT INTO HistoricoEscolar (id_aluno, id_turma, id_nota) VALUES (35, 8, 105);
INSERT INTO Nota (id_nota, id_aluno, id_turma, concluido, id_avaliacao) VALUES (106, 36, 7, TRUE, 7);
INSERT INTO HistoricoEscolar (id_aluno, id_turma, id_nota) VALUES (36, 7, 106);
INSERT INTO Nota (id_nota, id_aluno, id_turma, concluido, id_avaliacao) VALUES (107, 36, 8, TRUE, 8);
INSERT INTO HistoricoEscolar (id_aluno, id_turma, id_nota) VALUES (36, 8, 107);
INSERT INTO Nota (id_nota, id_aluno, id_turma, concluido, id_avaliacao) VALUES (108, 36, 9, TRUE, 9);
INSERT INTO HistoricoEscolar (id_aluno, id_turma, id_nota) VALUES (36, 9, 108);
INSERT INTO Nota (id_nota, id_aluno, id_turma, concluido, id_avaliacao) VALUES (109, 37, 8, TRUE, 8);
INSERT INTO HistoricoEscolar (id_aluno, id_turma, id_nota) VALUES (37, 8, 109);
INSERT INTO Nota (id_nota, id_aluno, id_turma, concluido, id_avaliacao) VALUES (110, 37, 9, TRUE, 9);
INSERT INTO HistoricoEscolar (id_aluno, id_turma, id_nota) VALUES (37, 9, 110);
INSERT INTO Nota (id_nota, id_aluno, id_turma, concluido, id_avaliacao) VALUES (111, 37, 10, TRUE, 10);
INSERT INTO HistoricoEscolar (id_aluno, id_turma, id_nota) VALUES (37, 10, 111);
INSERT INTO Nota (id_nota, id_aluno, id_turma, concluido, id_avaliacao) VALUES (112, 38, 9, TRUE, 9);
INSERT INTO HistoricoEscolar (id_aluno, id_turma, id_nota) VALUES (38, 9, 112);
INSERT INTO Nota (id_nota, id_aluno, id_turma, concluido, id_avaliacao) VALUES (113, 38, 10, TRUE, 10);
INSERT INTO HistoricoEscolar (id_aluno, id_turma, id_nota) VALUES (38, 10, 113);
INSERT INTO Nota (id_nota, id_aluno, id_turma, concluido, id_avaliacao) VALUES (114, 38, 1, TRUE, 11);
INSERT INTO HistoricoEscolar (id_aluno, id_turma, id_nota) VALUES (38, 1, 114);
INSERT INTO Nota (id_nota, id_aluno, id_turma, concluido, id_avaliacao) VALUES (115, 39, 10, TRUE, 10);
INSERT INTO HistoricoEscolar (id_aluno, id_turma, id_nota) VALUES (39, 10, 115);
INSERT INTO Nota (id_nota, id_aluno, id_turma, concluido, id_avaliacao) VALUES (116, 39, 1, TRUE, 11);
INSERT INTO HistoricoEscolar (id_aluno, id_turma, id_nota) VALUES (39, 1, 116);
INSERT INTO Nota (id_nota, id_aluno, id_turma, concluido, id_avaliacao) VALUES (117, 39, 2, TRUE, 12);
INSERT INTO HistoricoEscolar (id_aluno, id_turma, id_nota) VALUES (39, 2, 117);
INSERT INTO Nota (id_nota, id_aluno, id_turma, concluido, id_avaliacao) VALUES (118, 40, 1, TRUE, 11);
INSERT INTO HistoricoEscolar (id_aluno, id_turma, id_nota) VALUES (40, 1, 118);
INSERT INTO Nota (id_nota, id_aluno, id_turma, concluido, id_avaliacao) VALUES (119, 40, 2, TRUE, 12);
INSERT INTO HistoricoEscolar (id_aluno, id_turma, id_nota) VALUES (40, 2, 119);
INSERT INTO Nota (id_nota, id_aluno, id_turma, concluido, id_avaliacao) VALUES (120, 40, 3, TRUE, 13);
INSERT INTO HistoricoEscolar (id_aluno, id_turma, id_nota) VALUES (40, 3, 120);
INSERT INTO Nota (id_nota, id_aluno, id_turma, concluido, id_avaliacao) VALUES (121, 41, 2, TRUE, 12);
INSERT INTO HistoricoEscolar (id_aluno, id_turma, id_nota) VALUES (41, 2, 121);
INSERT INTO Nota (id_nota, id_aluno, id_turma, concluido, id_avaliacao) VALUES (122, 41, 3, TRUE, 13);
INSERT INTO HistoricoEscolar (id_aluno, id_turma, id_nota) VALUES (41, 3, 122);
INSERT INTO Nota (id_nota, id_aluno, id_turma, concluido, id_avaliacao) VALUES (123, 41, 4, TRUE, 14);
INSERT INTO HistoricoEscolar (id_aluno, id_turma, id_nota) VALUES (41, 4, 123);
INSERT INTO Nota (id_nota, id_aluno, id_turma, concluido, id_avaliacao) VALUES (124, 42, 3, TRUE, 13);
INSERT INTO HistoricoEscolar (id_aluno, id_turma, id_nota) VALUES (42, 3, 124);
INSERT INTO Nota (id_nota, id_aluno, id_turma, concluido, id_avaliacao) VALUES (125, 42, 4, TRUE, 14);
INSERT INTO HistoricoEscolar (id_aluno, id_turma, id_nota) VALUES (42, 4, 125);
INSERT INTO Nota (id_nota, id_aluno, id_turma, concluido, id_avaliacao) VALUES (126, 42, 5, TRUE, 15);
INSERT INTO HistoricoEscolar (id_aluno, id_turma, id_nota) VALUES (42, 5, 126);
INSERT INTO Nota (id_nota, id_aluno, id_turma, concluido, id_avaliacao) VALUES (127, 43, 4, TRUE, 14);
INSERT INTO HistoricoEscolar (id_aluno, id_turma, id_nota) VALUES (43, 4, 127);
INSERT INTO Nota (id_nota, id_aluno, id_turma, concluido, id_avaliacao) VALUES (128, 43, 5, TRUE, 15);
INSERT INTO HistoricoEscolar (id_aluno, id_turma, id_nota) VALUES (43, 5, 128);
INSERT INTO Nota (id_nota, id_aluno, id_turma, concluido, id_avaliacao) VALUES (129, 43, 6, TRUE, 16);
INSERT INTO HistoricoEscolar (id_aluno, id_turma, id_nota) VALUES (43, 6, 129);
INSERT INTO Nota (id_nota, id_aluno, id_turma, concluido, id_avaliacao) VALUES (130, 44, 5, TRUE, 15);
INSERT INTO HistoricoEscolar (id_aluno, id_turma, id_nota) VALUES (44, 5, 130);
INSERT INTO Nota (id_nota, id_aluno, id_turma, concluido, id_avaliacao) VALUES (131, 44, 6, TRUE, 16);
INSERT INTO HistoricoEscolar (id_aluno, id_turma, id_nota) VALUES (44, 6, 131);
INSERT INTO Nota (id_nota, id_aluno, id_turma, concluido, id_avaliacao) VALUES (132, 44, 7, TRUE, 17);
INSERT INTO HistoricoEscolar (id_aluno, id_turma, id_nota) VALUES (44, 7, 132);
INSERT INTO Nota (id_nota, id_aluno, id_turma, concluido, id_avaliacao) VALUES (133, 45, 6, TRUE, 16);
INSERT INTO HistoricoEscolar (id_aluno, id_turma, id_nota) VALUES (45, 6, 133);
INSERT INTO Nota (id_nota, id_aluno, id_turma, concluido, id_avaliacao) VALUES (134, 45, 7, TRUE, 17);
INSERT INTO HistoricoEscolar (id_aluno, id_turma, id_nota) VALUES (45, 7, 134);
INSERT INTO Nota (id_nota, id_aluno, id_turma, concluido, id_avaliacao) VALUES (135, 45, 8, TRUE, 18);
INSERT INTO HistoricoEscolar (id_aluno, id_turma, id_nota) VALUES (45, 8, 135);
INSERT INTO Nota (id_nota, id_aluno, id_turma, concluido, id_avaliacao) VALUES (136, 46, 7, TRUE, 17);
INSERT INTO HistoricoEscolar (id_aluno, id_turma, id_nota) VALUES (46, 7, 136);
INSERT INTO Nota (id_nota, id_aluno, id_turma, concluido, id_avaliacao) VALUES (137, 46, 8, TRUE, 18);
INSERT INTO HistoricoEscolar (id_aluno, id_turma, id_nota) VALUES (46, 8, 137);
INSERT INTO Nota (id_nota, id_aluno, id_turma, concluido, id_avaliacao) VALUES (138, 46, 9, TRUE, 19);
INSERT INTO HistoricoEscolar (id_aluno, id_turma, id_nota) VALUES (46, 9, 138);
INSERT INTO Nota (id_nota, id_aluno, id_turma, concluido, id_avaliacao) VALUES (139, 47, 8, TRUE, 18);
INSERT INTO HistoricoEscolar (id_aluno, id_turma, id_nota) VALUES (47, 8, 139);
INSERT INTO Nota (id_nota, id_aluno, id_turma, concluido, id_avaliacao) VALUES (140, 47, 9, TRUE, 19);
INSERT INTO HistoricoEscolar (id_aluno, id_turma, id_nota) VALUES (47, 9, 140);
INSERT INTO Nota (id_nota, id_aluno, id_turma, concluido, id_avaliacao) VALUES (141, 47, 10, TRUE, 20);
INSERT INTO HistoricoEscolar (id_aluno, id_turma, id_nota) VALUES (47, 10, 141);
INSERT INTO Nota (id_nota, id_aluno, id_turma, concluido, id_avaliacao) VALUES (142, 48, 9, TRUE, 19);
INSERT INTO HistoricoEscolar (id_aluno, id_turma, id_nota) VALUES (48, 9, 142);
INSERT INTO Nota (id_nota, id_aluno, id_turma, concluido, id_avaliacao) VALUES (143, 48, 10, TRUE, 20);
INSERT INTO HistoricoEscolar (id_aluno, id_turma, id_nota) VALUES (48, 10, 143);
INSERT INTO Nota (id_nota, id_aluno, id_turma, concluido, id_avaliacao) VALUES (144, 48, 1, TRUE, 21);
INSERT INTO HistoricoEscolar (id_aluno, id_turma, id_nota) VALUES (48, 1, 144);
INSERT INTO Nota (id_nota, id_aluno, id_turma, concluido, id_avaliacao) VALUES (145, 49, 10, TRUE, 20);
INSERT INTO HistoricoEscolar (id_aluno, id_turma, id_nota) VALUES (49, 10, 145);
INSERT INTO Nota (id_nota, id_aluno, id_turma, concluido, id_avaliacao) VALUES (146, 49, 1, TRUE, 21);
INSERT INTO HistoricoEscolar (id_aluno, id_turma, id_nota) VALUES (49, 1, 146);
INSERT INTO Nota (id_nota, id_aluno, id_turma, concluido, id_avaliacao) VALUES (147, 49, 2, TRUE, 22);
INSERT INTO HistoricoEscolar (id_aluno, id_turma, id_nota) VALUES (49, 2, 147);
INSERT INTO Nota (id_nota, id_aluno, id_turma, concluido, id_avaliacao) VALUES (148, 50, 1, TRUE, 21);
INSERT INTO HistoricoEscolar (id_aluno, id_turma, id_nota) VALUES (50, 1, 148);
INSERT INTO Nota (id_nota, id_aluno, id_turma, concluido, id_avaliacao) VALUES (149, 50, 2, TRUE, 22);
INSERT INTO HistoricoEscolar (id_aluno, id_turma, id_nota) VALUES (50, 2, 149);
INSERT INTO Nota (id_nota, id_aluno, id_turma, concluido, id_avaliacao) VALUES (150, 50, 3, TRUE, 23);
INSERT INTO HistoricoEscolar (id_aluno, id_turma, id_nota) VALUES (50, 3, 150);
INSERT INTO Nota (id_nota, id_aluno, id_turma, concluido, id_avaliacao) VALUES (151, 51, 2, TRUE, 22);
INSERT INTO HistoricoEscolar (id_aluno, id_turma, id_nota) VALUES (51, 2, 151);
INSERT INTO Nota (id_nota, id_aluno, id_turma, concluido, id_avaliacao) VALUES (152, 51, 3, TRUE, 23);
INSERT INTO HistoricoEscolar (id_aluno, id_turma, id_nota) VALUES (51, 3, 152);
INSERT INTO Nota (id_nota, id_aluno, id_turma, concluido, id_avaliacao) VALUES (153, 51, 4, TRUE, 24);
INSERT INTO HistoricoEscolar (id_aluno, id_turma, id_nota) VALUES (51, 4, 153);
INSERT INTO Nota (id_nota, id_aluno, id_turma, concluido, id_avaliacao) VALUES (154, 52, 3, TRUE, 23);
INSERT INTO HistoricoEscolar (id_aluno, id_turma, id_nota) VALUES (52, 3, 154);
INSERT INTO Nota (id_nota, id_aluno, id_turma, concluido, id_avaliacao) VALUES (155, 52, 4, TRUE, 24);
INSERT INTO HistoricoEscolar (id_aluno, id_turma, id_nota) VALUES (52, 4, 155);
INSERT INTO Nota (id_nota, id_aluno, id_turma, concluido, id_avaliacao) VALUES (156, 52, 5, TRUE, 25);
INSERT INTO HistoricoEscolar (id_aluno, id_turma, id_nota) VALUES (52, 5, 156);
INSERT INTO Nota (id_nota, id_aluno, id_turma, concluido, id_avaliacao) VALUES (157, 53, 4, TRUE, 24);
INSERT INTO HistoricoEscolar (id_aluno, id_turma, id_nota) VALUES (53, 4, 157);
INSERT INTO Nota (id_nota, id_aluno, id_turma, concluido, id_avaliacao) VALUES (158, 53, 5, TRUE, 25);
INSERT INTO HistoricoEscolar (id_aluno, id_turma, id_nota) VALUES (53, 5, 158);
INSERT INTO Nota (id_nota, id_aluno, id_turma, concluido, id_avaliacao) VALUES (159, 53, 6, TRUE, 26);
INSERT INTO HistoricoEscolar (id_aluno, id_turma, id_nota) VALUES (53, 6, 159);
INSERT INTO Nota (id_nota, id_aluno, id_turma, concluido, id_avaliacao) VALUES (160, 54, 5, TRUE, 25);
INSERT INTO HistoricoEscolar (id_aluno, id_turma, id_nota) VALUES (54, 5, 160);
INSERT INTO Nota (id_nota, id_aluno, id_turma, concluido, id_avaliacao) VALUES (161, 54, 6, TRUE, 26);
INSERT INTO HistoricoEscolar (id_aluno, id_turma, id_nota) VALUES (54, 6, 161);
INSERT INTO Nota (id_nota, id_aluno, id_turma, concluido, id_avaliacao) VALUES (162, 54, 7, TRUE, 27);
INSERT INTO HistoricoEscolar (id_aluno, id_turma, id_nota) VALUES (54, 7, 162);
INSERT INTO Nota (id_nota, id_aluno, id_turma, concluido, id_avaliacao) VALUES (163, 55, 6, TRUE, 26);
INSERT INTO HistoricoEscolar (id_aluno, id_turma, id_nota) VALUES (55, 6, 163);
INSERT INTO Nota (id_nota, id_aluno, id_turma, concluido, id_avaliacao) VALUES (164, 55, 7, TRUE, 27);
INSERT INTO HistoricoEscolar (id_aluno, id_turma, id_nota) VALUES (55, 7, 164);
INSERT INTO Nota (id_nota, id_aluno, id_turma, concluido, id_avaliacao) VALUES (165, 55, 8, TRUE, 28);
INSERT INTO HistoricoEscolar (id_aluno, id_turma, id_nota) VALUES (55, 8, 165);
INSERT INTO Nota (id_nota, id_aluno, id_turma, concluido, id_avaliacao) VALUES (166, 56, 7, TRUE, 27);
INSERT INTO HistoricoEscolar (id_aluno, id_turma, id_nota) VALUES (56, 7, 166);
INSERT INTO Nota (id_nota, id_aluno, id_turma, concluido, id_avaliacao) VALUES (167, 56, 8, TRUE, 28);
INSERT INTO HistoricoEscolar (id_aluno, id_turma, id_nota) VALUES (56, 8, 167);
INSERT INTO Nota (id_nota, id_aluno, id_turma, concluido, id_avaliacao) VALUES (168, 56, 9, TRUE, 29);
INSERT INTO HistoricoEscolar (id_aluno, id_turma, id_nota) VALUES (56, 9, 168);
INSERT INTO Nota (id_nota, id_aluno, id_turma, concluido, id_avaliacao) VALUES (169, 57, 8, TRUE, 28);
INSERT INTO HistoricoEscolar (id_aluno, id_turma, id_nota) VALUES (57, 8, 169);
INSERT INTO Nota (id_nota, id_aluno, id_turma, concluido, id_avaliacao) VALUES (170, 57, 9, TRUE, 29);
INSERT INTO HistoricoEscolar (id_aluno, id_turma, id_nota) VALUES (57, 9, 170);
INSERT INTO Nota (id_nota, id_aluno, id_turma, concluido, id_avaliacao) VALUES (171, 57, 10, TRUE, 30);
INSERT INTO HistoricoEscolar (id_aluno, id_turma, id_nota) VALUES (57, 10, 171);
INSERT INTO Nota (id_nota, id_aluno, id_turma, concluido, id_avaliacao) VALUES (172, 58, 9, TRUE, 29);
INSERT INTO HistoricoEscolar (id_aluno, id_turma, id_nota) VALUES (58, 9, 172);
INSERT INTO Nota (id_nota, id_aluno, id_turma, concluido, id_avaliacao) VALUES (173, 58, 10, TRUE, 30);
INSERT INTO HistoricoEscolar (id_aluno, id_turma, id_nota) VALUES (58, 10, 173);
INSERT INTO Nota (id_nota, id_aluno, id_turma, concluido, id_avaliacao) VALUES (174, 58, 1, TRUE, 1);
INSERT INTO HistoricoEscolar (id_aluno, id_turma, id_nota) VALUES (58, 1, 174);
INSERT INTO Nota (id_nota, id_aluno, id_turma, concluido, id_avaliacao) VALUES (175, 59, 10, TRUE, 30);
INSERT INTO HistoricoEscolar (id_aluno, id_turma, id_nota) VALUES (59, 10, 175);
INSERT INTO Nota (id_nota, id_aluno, id_turma, concluido, id_avaliacao) VALUES (176, 59, 1, TRUE, 1);
INSERT INTO HistoricoEscolar (id_aluno, id_turma, id_nota) VALUES (59, 1, 176);
INSERT INTO Nota (id_nota, id_aluno, id_turma, concluido, id_avaliacao) VALUES (177, 59, 2, TRUE, 2);
INSERT INTO HistoricoEscolar (id_aluno, id_turma, id_nota) VALUES (59, 2, 177);
INSERT INTO Nota (id_nota, id_aluno, id_turma, concluido, id_avaliacao) VALUES (178, 60, 1, TRUE, 1);
INSERT INTO HistoricoEscolar (id_aluno, id_turma, id_nota) VALUES (60, 1, 178);
INSERT INTO Nota (id_nota, id_aluno, id_turma, concluido, id_avaliacao) VALUES (179, 60, 2, TRUE, 2);
INSERT INTO HistoricoEscolar (id_aluno, id_turma, id_nota) VALUES (60, 2, 179);
INSERT INTO Nota (id_nota, id_aluno, id_turma, concluido, id_avaliacao) VALUES (180, 60, 3, TRUE, 3);
INSERT INTO HistoricoEscolar (id_aluno, id_turma, id_nota) VALUES (60, 3, 180);

-- GRUPOS DE TCC
INSERT INTO Grupo_TCC (id_grupo, aluno1, aluno2, aluno3, aluno4, aluno5) VALUES (1, 1, 2, 3, 4, 5);
INSERT INTO Grupo_TCC (id_grupo, aluno1, aluno2, aluno3, aluno4, aluno5) VALUES (2, 6, 7, 8, 9, 10);
INSERT INTO Grupo_TCC (id_grupo, aluno1, aluno2, aluno3, aluno4, aluno5) VALUES (3, 11, 12, 13, 14, 15);
INSERT INTO Grupo_TCC (id_grupo, aluno1, aluno2, aluno3, aluno4, aluno5) VALUES (4, 16, 17, 18, 19, 20);
INSERT INTO Grupo_TCC (id_grupo, aluno1, aluno2, aluno3, aluno4, aluno5) VALUES (5, 21, 22, 23, 24, 25);
INSERT INTO Grupo_TCC (id_grupo, aluno1, aluno2, aluno3, aluno4, aluno5) VALUES (6, 26, 27, 28, 29, 30);
INSERT INTO Grupo_TCC (id_grupo, aluno1, aluno2, aluno3, aluno4, aluno5) VALUES (7, 31, 32, 33, 34, 35);
INSERT INTO Grupo_TCC (id_grupo, aluno1, aluno2, aluno3, aluno4, aluno5) VALUES (8, 36, 37, 38, 39, 40);
INSERT INTO Grupo_TCC (id_grupo, aluno1, aluno2, aluno3, aluno4, aluno5) VALUES (9, 41, 42, 43, 44, 45);
INSERT INTO Grupo_TCC (id_grupo, aluno1, aluno2, aluno3, aluno4, aluno5) VALUES (10, 46, 47, 48, 49, 50);
INSERT INTO Grupo_TCC (id_grupo, aluno1, aluno2, aluno3, aluno4, aluno5) VALUES (11, 51, 52, 53, 54, 55);
INSERT INTO Grupo_TCC (id_grupo, aluno1, aluno2, aluno3, aluno4, aluno5) VALUES (12, 56, 57, 58, 59, 60);

-- TCCs
INSERT INTO TCC (orientador, titulo, id_grupo) VALUES (1, 'TCC do Grupo 1', 1);
INSERT INTO TCC (orientador, titulo, id_grupo) VALUES (2, 'TCC do Grupo 2', 2);
INSERT INTO TCC (orientador, titulo, id_grupo) VALUES (3, 'TCC do Grupo 3', 3);
INSERT INTO TCC (orientador, titulo, id_grupo) VALUES (4, 'TCC do Grupo 4', 4);
INSERT INTO TCC (orientador, titulo, id_grupo) VALUES (5, 'TCC do Grupo 5', 5);
INSERT INTO TCC (orientador, titulo, id_grupo) VALUES (6, 'TCC do Grupo 6', 6);
INSERT INTO TCC (orientador, titulo, id_grupo) VALUES (7, 'TCC do Grupo 7', 7);
INSERT INTO TCC (orientador, titulo, id_grupo) VALUES (8, 'TCC do Grupo 8', 8);
INSERT INTO TCC (orientador, titulo, id_grupo) VALUES (9, 'TCC do Grupo 9', 9);
INSERT INTO TCC (orientador, titulo, id_grupo) VALUES (10, 'TCC do Grupo 10', 10);
INSERT INTO TCC (orientador, titulo, id_grupo) VALUES (11, 'TCC do Grupo 11', 11);
INSERT INTO TCC (orientador, titulo, id_grupo) VALUES (12, 'TCC do Grupo 12', 12);
