-- PESSOA
INSERT INTO Pessoa (cpf, nome) VALUES ('481.052.693-33', 'Juan da Mota');
INSERT INTO Pessoa (cpf, nome) VALUES ('386.029.457-10', 'Mathias Garcia');
INSERT INTO Pessoa (cpf, nome) VALUES ('148.763.902-31', 'Dr. Diego Carvalho');
INSERT INTO Pessoa (cpf, nome) VALUES ('251.869.703-95', 'Vitor Gabriel Duarte');
INSERT INTO Pessoa (cpf, nome) VALUES ('916.805.247-20', 'Gabriel Costela');
INSERT INTO Pessoa (cpf, nome) VALUES ('152.960.384-60', 'Maria Isis Pires');
INSERT INTO Pessoa (cpf, nome) VALUES ('609.342.751-06', 'Caleb da Cunha');
INSERT INTO Pessoa (cpf, nome) VALUES ('729.638.145-00', 'Sabrina Cassiano');
INSERT INTO Pessoa (cpf, nome) VALUES ('279.680.345-74', 'Guilherme da Mata');
INSERT INTO Pessoa (cpf, nome) VALUES ('652.143.907-34', 'Ana Clara Fernandes');
INSERT INTO Pessoa (cpf, nome) VALUES ('217.694.803-31', 'Guilherme Lopes');
INSERT INTO Pessoa (cpf, nome) VALUES ('782.940.315-50', 'Dra. Ana Beatriz Pereira');
INSERT INTO Pessoa (cpf, nome) VALUES ('149.725.083-88', 'J·lia Campos');
INSERT INTO Pessoa (cpf, nome) VALUES ('796.842.103-96', 'Bruna Camargo');
INSERT INTO Pessoa (cpf, nome) VALUES ('380.647.129-04', 'Gabriel Macedo');
INSERT INTO Pessoa (cpf, nome) VALUES ('853.961.724-28', 'Anthony Gabriel Moura');
INSERT INTO Pessoa (cpf, nome) VALUES ('138.957.604-39', 'Vit¾ria Viana');
INSERT INTO Pessoa (cpf, nome) VALUES ('458.632.109-15', 'Maria Sampaio');
INSERT INTO Pessoa (cpf, nome) VALUES ('385.762.140-08', 'Clarice Casa Grande');
INSERT INTO Pessoa (cpf, nome) VALUES ('027.453.619-61', 'Ian da Mota');
INSERT INTO Pessoa (cpf, nome) VALUES ('504.196.237-52', 'Srta. Yasmin Fogaþa');
INSERT INTO Pessoa (cpf, nome) VALUES ('736.520.149-52', 'Hadassa da Luz');
INSERT INTO Pessoa (cpf, nome) VALUES ('156.824.037-62', 'Larissa da Rosa');
INSERT INTO Pessoa (cpf, nome) VALUES ('523.987.641-09', 'Sra. Jade Sß');
INSERT INTO Pessoa (cpf, nome) VALUES ('206.835.791-77', 'Matheus Duarte');
INSERT INTO Pessoa (cpf, nome) VALUES ('657.902.814-94', 'Leonardo Fernandes');
INSERT INTO Pessoa (cpf, nome) VALUES ('640.298.375-65', 'Ravy Melo');
INSERT INTO Pessoa (cpf, nome) VALUES ('197.024.538-79', 'Luiz Felipe da Paz');
INSERT INTO Pessoa (cpf, nome) VALUES ('601.259.437-25', 'Vitor Gabriel Monteiro');
INSERT INTO Pessoa (cpf, nome) VALUES ('973.460.158-00', 'Dom Sß');
INSERT INTO Pessoa (cpf, nome) VALUES ('986.342.175-82', 'Antonella Andrade');
INSERT INTO Pessoa (cpf, nome) VALUES ('194.530.827-32', 'Sr. Heitor Sales');
INSERT INTO Pessoa (cpf, nome) VALUES ('514.603.297-16', 'Gabrielly Mendes');
INSERT INTO Pessoa (cpf, nome) VALUES ('374.681.509-66', 'Gael Henrique Lopes');
INSERT INTO Pessoa (cpf, nome) VALUES ('095.328.674-65', 'Diego Gonþalves');
INSERT INTO Pessoa (cpf, nome) VALUES ('083.254.716-62', 'MaitÛ Novais');
INSERT INTO Pessoa (cpf, nome) VALUES ('058.679.231-77', 'Miguel Silveira');
INSERT INTO Pessoa (cpf, nome) VALUES ('837.629.405-92', 'Fernando Moraes');
INSERT INTO Pessoa (cpf, nome) VALUES ('376.089.125-02', 'Eduarda Martins');
INSERT INTO Pessoa (cpf, nome) VALUES ('405.279.163-07', 'Maya Mendes');
INSERT INTO Pessoa (cpf, nome) VALUES ('765.948.320-00', 'Bianca Martins');
INSERT INTO Pessoa (cpf, nome) VALUES ('674.193.820-69', 'Liam Ribeiro');
INSERT INTO Pessoa (cpf, nome) VALUES ('804.392.657-38', 'Diego Silveira');
INSERT INTO Pessoa (cpf, nome) VALUES ('896.453.217-19', 'Julia LeÒo');
INSERT INTO Pessoa (cpf, nome) VALUES ('246.513.870-71', '┴gatha Rocha');
INSERT INTO Pessoa (cpf, nome) VALUES ('937.182.465-46', 'Arthur Gabriel Rezende');
INSERT INTO Pessoa (cpf, nome) VALUES ('412.578.630-53', 'Paulo da Cunha');
INSERT INTO Pessoa (cpf, nome) VALUES ('364.570.912-61', 'Hellena Monteiro');
INSERT INTO Pessoa (cpf, nome) VALUES ('582.419.630-33', 'Davi Lucca Andrade');
INSERT INTO Pessoa (cpf, nome) VALUES ('547.092.618-49', 'Sra. Marcela Cardoso');
INSERT INTO Pessoa (cpf, nome) VALUES ('678.395.024-74', 'Ravi Lucca Almeida');
INSERT INTO Pessoa (cpf, nome) VALUES ('890.136.472-78', 'Thales Rios');
INSERT INTO Pessoa (cpf, nome) VALUES ('427.316.058-71', 'Ana Beatriz da Mota');
INSERT INTO Pessoa (cpf, nome) VALUES ('760.492.538-38', 'Isabelly da Costa');
INSERT INTO Pessoa (cpf, nome) VALUES ('528.463.179-09', 'Gael Henrique Teixeira');
INSERT INTO Pessoa (cpf, nome) VALUES ('234.697.185-55', 'Sra. AlÝcia da Cunha');
INSERT INTO Pessoa (cpf, nome) VALUES ('134.625.970-43', 'Diego Ferreira');
INSERT INTO Pessoa (cpf, nome) VALUES ('392.741.580-41', 'Pedro Henrique Vasconcelos');
INSERT INTO Pessoa (cpf, nome) VALUES ('581.367.920-03', 'Bento Garcia');
INSERT INTO Pessoa (cpf, nome) VALUES ('736.928.104-31', 'Guilherme Ferreira');
INSERT INTO Pessoa (cpf, nome) VALUES ('028.914.753-05', 'Sara Siqueira');
INSERT INTO Pessoa (cpf, nome) VALUES ('903.521.746-25', 'Aylla Ferreira');
INSERT INTO Pessoa (cpf, nome) VALUES ('480.261.957-01', 'Heitor da Cunha');
INSERT INTO Pessoa (cpf, nome) VALUES ('974.650.231-06', 'Alexandre da Costa');
INSERT INTO Pessoa (cpf, nome) VALUES ('052.174.986-76', 'Enrico Melo');
INSERT INTO Pessoa (cpf, nome) VALUES ('081.762.945-94', 'Pietro Cirino');
INSERT INTO Pessoa (cpf, nome) VALUES ('123.096.758-30', 'Srta. Mariane Mendonþa');
INSERT INTO Pessoa (cpf, nome) VALUES ('825.431.069-60', 'Anna Liz Freitas');
INSERT INTO Pessoa (cpf, nome) VALUES ('972.534.016-70', 'JosÚ Miguel Souza');
INSERT INTO Pessoa (cpf, nome) VALUES ('813.452.960-70', 'Anthony Gabriel Pimenta');
INSERT INTO Pessoa (cpf, nome) VALUES ('091.375.826-40', 'Sra. Cecilia Cardoso');
INSERT INTO Pessoa (cpf, nome) VALUES ('134.786.295-19', 'Melissa Monteiro');
INSERT INTO Pessoa (cpf, nome) VALUES ('758.490.326-65', 'Ana Lopes');
INSERT INTO Pessoa (cpf, nome) VALUES ('321.579.684-82', 'Liz Rocha');
INSERT INTO Pessoa (cpf, nome) VALUES ('196.853.704-00', 'Rafaela Silveira');
INSERT INTO Pessoa (cpf, nome) VALUES ('143.956.280-60', 'Stephany Montenegro');
INSERT INTO Pessoa (cpf, nome) VALUES ('407.236.815-62', 'ThÚo Pereira');
INSERT INTO Pessoa (cpf, nome) VALUES ('756.492.130-70', 'Milena Aparecida');
INSERT INTO Pessoa (cpf, nome) VALUES ('187.963.025-77', 'AlÝcia Nogueira');
INSERT INTO Pessoa (cpf, nome) VALUES ('643.219.058-42', 'Dr. Heitor Gonþalves');

-- DEPTO
INSERT INTO Depto (id_depto, nome, chefe_depto) VALUES (1, 'Matemßtica', NULL);
INSERT INTO Depto (id_depto, nome, chefe_depto) VALUES (2, 'Computador', NULL);
INSERT INTO Depto (id_depto, nome, chefe_depto) VALUES (3, 'Engenharia', NULL);
INSERT INTO Depto (id_depto, nome, chefe_depto) VALUES (4, 'Fisica', NULL);

-- PROFESSOR
INSERT INTO Professor (id_professor, cpf, id_depto) VALUES (1, '481.052.693-33', 1);
INSERT INTO Professor (id_professor, cpf, id_depto) VALUES (2, '386.029.457-10', 2);
INSERT INTO Professor (id_professor, cpf, id_depto) VALUES (3, '148.763.902-31', 3);
INSERT INTO Professor (id_professor, cpf, id_depto) VALUES (4, '251.869.703-95', 4);
INSERT INTO Professor (id_professor, cpf, id_depto) VALUES (5, '916.805.247-20', 1);
INSERT INTO Professor (id_professor, cpf, id_depto) VALUES (6, '152.960.384-60', 2);
INSERT INTO Professor (id_professor, cpf, id_depto) VALUES (7, '609.342.751-06', 3);
INSERT INTO Professor (id_professor, cpf, id_depto) VALUES (8, '729.638.145-00', 4);
INSERT INTO Professor (id_professor, cpf, id_depto) VALUES (9, '279.680.345-74', 1);
INSERT INTO Professor (id_professor, cpf, id_depto) VALUES (10, '652.143.907-34', 2);
INSERT INTO Professor (id_professor, cpf, id_depto) VALUES (11, '217.694.803-31', 3);
INSERT INTO Professor (id_professor, cpf, id_depto) VALUES (12, '782.940.315-50', 4);
INSERT INTO Professor (id_professor, cpf, id_depto) VALUES (13, '149.725.083-88', 1);
INSERT INTO Professor (id_professor, cpf, id_depto) VALUES (14, '796.842.103-96', 2);
INSERT INTO Professor (id_professor, cpf, id_depto) VALUES (15, '380.647.129-04', 3);
INSERT INTO Professor (id_professor, cpf, id_depto) VALUES (16, '853.961.724-28', 4);
INSERT INTO Professor (id_professor, cpf, id_depto) VALUES (17, '138.957.604-39', 1);
INSERT INTO Professor (id_professor, cpf, id_depto) VALUES (18, '458.632.109-15', 2);
INSERT INTO Professor (id_professor, cpf, id_depto) VALUES (19, '385.762.140-08', 3);
INSERT INTO Professor (id_professor, cpf, id_depto) VALUES (20, '027.453.619-61', 4);

-- CHEFES DE DEPTO (UPDATE)
UPDATE Depto SET chefe_depto = 1 WHERE id_depto = 1;
UPDATE Depto SET chefe_depto = 2 WHERE id_depto = 2;
UPDATE Depto SET chefe_depto = 3 WHERE id_depto = 3;
UPDATE Depto SET chefe_depto = 4 WHERE id_depto = 4;

-- CURSO
INSERT INTO Curso (id_curso, nome, id_depto, coordenador_curso) VALUES (1, 'Ciencias da Computacao', 1, 1);
INSERT INTO Curso (id_curso, nome, id_depto, coordenador_curso) VALUES (2, 'Ciencias de dados', 2, 2);
INSERT INTO Curso (id_curso, nome, id_depto, coordenador_curso) VALUES (3, 'Inteligencia Artificial', 3, 3);
INSERT INTO Curso (id_curso, nome, id_depto, coordenador_curso) VALUES (4, 'Engenharia de Reproducao', 4, 4);

-- DISCIPLINA
INSERT INTO Disciplina (id_disciplina, nome, id_depto, coordenador_disciplina) VALUES (1, 'Calculo', 1, 1);
INSERT INTO Disciplina (id_disciplina, nome, id_depto, coordenador_disciplina) VALUES (2, 'deus e acreditar', 2, 2);
INSERT INTO Disciplina (id_disciplina, nome, id_depto, coordenador_disciplina) VALUES (3, 'Banco de dados', 3, 3);
INSERT INTO Disciplina (id_disciplina, nome, id_depto, coordenador_disciplina) VALUES (4, 'Python', 4, 4);

-- TURMA
INSERT INTO Turma (id_turma, periodo, ano, semestre_ano, id_disciplina, id_curso) VALUES (1, 2, 2022, '2', 1, 1);
INSERT INTO Turma (id_turma, periodo, ano, semestre_ano, id_disciplina, id_curso) VALUES (2, 4, 2022, '1', 2, 2);
INSERT INTO Turma (id_turma, periodo, ano, semestre_ano, id_disciplina, id_curso) VALUES (3, 2, 2024, '1', 3, 3);
INSERT INTO Turma (id_turma, periodo, ano, semestre_ano, id_disciplina, id_curso) VALUES (4, 7, 2022, '1', 4, 4);
INSERT INTO Turma (id_turma, periodo, ano, semestre_ano, id_disciplina, id_curso) VALUES (5, 2, 2022, '1', 1, 1);
INSERT INTO Turma (id_turma, periodo, ano, semestre_ano, id_disciplina, id_curso) VALUES (6, 1, 2024, '1', 2, 2);
INSERT INTO Turma (id_turma, periodo, ano, semestre_ano, id_disciplina, id_curso) VALUES (7, 7, 2022, '2', 3, 3);
INSERT INTO Turma (id_turma, periodo, ano, semestre_ano, id_disciplina, id_curso) VALUES (8, 5, 2022, '1', 4, 4);
INSERT INTO Turma (id_turma, periodo, ano, semestre_ano, id_disciplina, id_curso) VALUES (9, 7, 2023, '2', 1, 1);
INSERT INTO Turma (id_turma, periodo, ano, semestre_ano, id_disciplina, id_curso) VALUES (10, 3, 2022, '2', 2, 2);
INSERT INTO Turma (id_turma, periodo, ano, semestre_ano, id_disciplina, id_curso) VALUES (11, 2, 2022, '2', 3, 3);
INSERT INTO Turma (id_turma, periodo, ano, semestre_ano, id_disciplina, id_curso) VALUES (12, 2, 2023, '2', 4, 4);

-- ALUNO
INSERT INTO Aluno (id_aluno, cpf, id_curso, id_turma) VALUES (1, '504.196.237-52', 1, 1);
INSERT INTO Aluno (id_aluno, cpf, id_curso, id_turma) VALUES (2, '736.520.149-52', 2, 2);
INSERT INTO Aluno (id_aluno, cpf, id_curso, id_turma) VALUES (3, '156.824.037-62', 3, 3);
INSERT INTO Aluno (id_aluno, cpf, id_curso, id_turma) VALUES (4, '523.987.641-09', 4, 4);
INSERT INTO Aluno (id_aluno, cpf, id_curso, id_turma) VALUES (5, '206.835.791-77', 1, 5);
INSERT INTO Aluno (id_aluno, cpf, id_curso, id_turma) VALUES (6, '657.902.814-94', 2, 6);
INSERT INTO Aluno (id_aluno, cpf, id_curso, id_turma) VALUES (7, '640.298.375-65', 3, 7);
INSERT INTO Aluno (id_aluno, cpf, id_curso, id_turma) VALUES (8, '197.024.538-79', 4, 8);
INSERT INTO Aluno (id_aluno, cpf, id_curso, id_turma) VALUES (9, '601.259.437-25', 1, 9);
INSERT INTO Aluno (id_aluno, cpf, id_curso, id_turma) VALUES (10, '973.460.158-00', 2, 10);
INSERT INTO Aluno (id_aluno, cpf, id_curso, id_turma) VALUES (11, '986.342.175-82', 3, 11);
INSERT INTO Aluno (id_aluno, cpf, id_curso, id_turma) VALUES (12, '194.530.827-32', 4, 12);
INSERT INTO Aluno (id_aluno, cpf, id_curso, id_turma) VALUES (13, '514.603.297-16', 1, 1);
INSERT INTO Aluno (id_aluno, cpf, id_curso, id_turma) VALUES (14, '374.681.509-66', 2, 2);
INSERT INTO Aluno (id_aluno, cpf, id_curso, id_turma) VALUES (15, '095.328.674-65', 3, 3);
INSERT INTO Aluno (id_aluno, cpf, id_curso, id_turma) VALUES (16, '083.254.716-62', 4, 4);
INSERT INTO Aluno (id_aluno, cpf, id_curso, id_turma) VALUES (17, '058.679.231-77', 1, 5);
INSERT INTO Aluno (id_aluno, cpf, id_curso, id_turma) VALUES (18, '837.629.405-92', 2, 6);
INSERT INTO Aluno (id_aluno, cpf, id_curso, id_turma) VALUES (19, '376.089.125-02', 3, 7);
INSERT INTO Aluno (id_aluno, cpf, id_curso, id_turma) VALUES (20, '405.279.163-07', 4, 8);
INSERT INTO Aluno (id_aluno, cpf, id_curso, id_turma) VALUES (21, '765.948.320-00', 1, 9);
INSERT INTO Aluno (id_aluno, cpf, id_curso, id_turma) VALUES (22, '674.193.820-69', 2, 10);
INSERT INTO Aluno (id_aluno, cpf, id_curso, id_turma) VALUES (23, '804.392.657-38', 3, 11);
INSERT INTO Aluno (id_aluno, cpf, id_curso, id_turma) VALUES (24, '896.453.217-19', 4, 12);
INSERT INTO Aluno (id_aluno, cpf, id_curso, id_turma) VALUES (25, '246.513.870-71', 1, 1);
INSERT INTO Aluno (id_aluno, cpf, id_curso, id_turma) VALUES (26, '937.182.465-46', 2, 2);
INSERT INTO Aluno (id_aluno, cpf, id_curso, id_turma) VALUES (27, '412.578.630-53', 3, 3);
INSERT INTO Aluno (id_aluno, cpf, id_curso, id_turma) VALUES (28, '364.570.912-61', 4, 4);
INSERT INTO Aluno (id_aluno, cpf, id_curso, id_turma) VALUES (29, '582.419.630-33', 1, 5);
INSERT INTO Aluno (id_aluno, cpf, id_curso, id_turma) VALUES (30, '547.092.618-49', 2, 6);
INSERT INTO Aluno (id_aluno, cpf, id_curso, id_turma) VALUES (31, '678.395.024-74', 3, 7);
INSERT INTO Aluno (id_aluno, cpf, id_curso, id_turma) VALUES (32, '890.136.472-78', 4, 8);
INSERT INTO Aluno (id_aluno, cpf, id_curso, id_turma) VALUES (33, '427.316.058-71', 1, 9);
INSERT INTO Aluno (id_aluno, cpf, id_curso, id_turma) VALUES (34, '760.492.538-38', 2, 10);
INSERT INTO Aluno (id_aluno, cpf, id_curso, id_turma) VALUES (35, '528.463.179-09', 3, 11);
INSERT INTO Aluno (id_aluno, cpf, id_curso, id_turma) VALUES (36, '234.697.185-55', 4, 12);
INSERT INTO Aluno (id_aluno, cpf, id_curso, id_turma) VALUES (37, '134.625.970-43', 1, 1);
INSERT INTO Aluno (id_aluno, cpf, id_curso, id_turma) VALUES (38, '392.741.580-41', 2, 2);
INSERT INTO Aluno (id_aluno, cpf, id_curso, id_turma) VALUES (39, '581.367.920-03', 3, 3);
INSERT INTO Aluno (id_aluno, cpf, id_curso, id_turma) VALUES (40, '736.928.104-31', 4, 4);
INSERT INTO Aluno (id_aluno, cpf, id_curso, id_turma) VALUES (41, '028.914.753-05', 1, 5);
INSERT INTO Aluno (id_aluno, cpf, id_curso, id_turma) VALUES (42, '903.521.746-25', 2, 6);
INSERT INTO Aluno (id_aluno, cpf, id_curso, id_turma) VALUES (43, '480.261.957-01', 3, 7);
INSERT INTO Aluno (id_aluno, cpf, id_curso, id_turma) VALUES (44, '974.650.231-06', 4, 8);
INSERT INTO Aluno (id_aluno, cpf, id_curso, id_turma) VALUES (45, '052.174.986-76', 1, 9);
INSERT INTO Aluno (id_aluno, cpf, id_curso, id_turma) VALUES (46, '081.762.945-94', 2, 10);
INSERT INTO Aluno (id_aluno, cpf, id_curso, id_turma) VALUES (47, '123.096.758-30', 3, 11);
INSERT INTO Aluno (id_aluno, cpf, id_curso, id_turma) VALUES (48, '825.431.069-60', 4, 12);
INSERT INTO Aluno (id_aluno, cpf, id_curso, id_turma) VALUES (49, '972.534.016-70', 1, 1);
INSERT INTO Aluno (id_aluno, cpf, id_curso, id_turma) VALUES (50, '813.452.960-70', 2, 2);
INSERT INTO Aluno (id_aluno, cpf, id_curso, id_turma) VALUES (51, '091.375.826-40', 3, 3);
INSERT INTO Aluno (id_aluno, cpf, id_curso, id_turma) VALUES (52, '134.786.295-19', 4, 4);
INSERT INTO Aluno (id_aluno, cpf, id_curso, id_turma) VALUES (53, '758.490.326-65', 1, 5);
INSERT INTO Aluno (id_aluno, cpf, id_curso, id_turma) VALUES (54, '321.579.684-82', 2, 6);
INSERT INTO Aluno (id_aluno, cpf, id_curso, id_turma) VALUES (55, '196.853.704-00', 3, 7);
INSERT INTO Aluno (id_aluno, cpf, id_curso, id_turma) VALUES (56, '143.956.280-60', 4, 8);
INSERT INTO Aluno (id_aluno, cpf, id_curso, id_turma) VALUES (57, '407.236.815-62', 1, 9);
INSERT INTO Aluno (id_aluno, cpf, id_curso, id_turma) VALUES (58, '756.492.130-70', 2, 10);
INSERT INTO Aluno (id_aluno, cpf, id_curso, id_turma) VALUES (59, '187.963.025-77', 3, 11);
INSERT INTO Aluno (id_aluno, cpf, id_curso, id_turma) VALUES (60, '643.219.058-42', 4, 12);

-- GRUPO_TCC e TCC
INSERT INTO Grupo_TCC (id_grupo, aluno1, aluno2, aluno3, aluno4, aluno5) VALUES (1, 1, 2, 3, 4, 5);
INSERT INTO TCC (orientador, titulo, id_grupo) VALUES (20, 'Inventore ut quidem in.', 1);
INSERT INTO Grupo_TCC (id_grupo, aluno1, aluno2, aluno3, aluno4, aluno5) VALUES (2, 6, 7, 8, 9, 10);
INSERT INTO TCC (orientador, titulo, id_grupo) VALUES (9, 'Repellendus minus et assumenda.', 2);
INSERT INTO Grupo_TCC (id_grupo, aluno1, aluno2, aluno3, aluno4, aluno5) VALUES (3, 11, 12, 13, 14, 15);
INSERT INTO TCC (orientador, titulo, id_grupo) VALUES (2, 'Nostrum exercitationem nobis voluptatibus beatae quaerat.', 3);
INSERT INTO Grupo_TCC (id_grupo, aluno1, aluno2, aluno3, aluno4, aluno5) VALUES (4, 16, 17, 18, 19, 20);
INSERT INTO TCC (orientador, titulo, id_grupo) VALUES (15, 'Maxime dolor laudantium minus exercitationem laborum.', 4);
INSERT INTO Grupo_TCC (id_grupo, aluno1, aluno2, aluno3, aluno4, aluno5) VALUES (5, 21, 22, 23, 24, 25);
INSERT INTO TCC (orientador, titulo, id_grupo) VALUES (18, 'Repellendus itaque id libero aliquid.', 5);
INSERT INTO Grupo_TCC (id_grupo, aluno1, aluno2, aluno3, aluno4, aluno5) VALUES (6, 26, 27, 28, 29, 30);
INSERT INTO TCC (orientador, titulo, id_grupo) VALUES (4, 'Asperiores nulla optio culpa nulla.', 6);
INSERT INTO Grupo_TCC (id_grupo, aluno1, aluno2, aluno3, aluno4, aluno5) VALUES (7, 31, 32, 33, 34, 35);
INSERT INTO TCC (orientador, titulo, id_grupo) VALUES (13, 'Itaque sit sunt doloremque autem asperiores.', 7);
INSERT INTO Grupo_TCC (id_grupo, aluno1, aluno2, aluno3, aluno4, aluno5) VALUES (8, 36, 37, 38, 39, 40);
INSERT INTO TCC (orientador, titulo, id_grupo) VALUES (3, 'Debitis aliquam repudiandae.', 8);
INSERT INTO Grupo_TCC (id_grupo, aluno1, aluno2, aluno3, aluno4, aluno5) VALUES (9, 41, 42, 43, 44, 45);
INSERT INTO TCC (orientador, titulo, id_grupo) VALUES (18, 'Debitis totam dolores tempora quasi.', 9);
INSERT INTO Grupo_TCC (id_grupo, aluno1, aluno2, aluno3, aluno4, aluno5) VALUES (10, 46, 47, 48, 49, 50);
INSERT INTO TCC (orientador, titulo, id_grupo) VALUES (10, 'Tempora nihil incidunt sed accusamus repellat.', 10);
INSERT INTO Grupo_TCC (id_grupo, aluno1, aluno2, aluno3, aluno4, aluno5) VALUES (11, 51, 52, 53, 54, 55);
INSERT INTO TCC (orientador, titulo, id_grupo) VALUES (20, 'Eum nam ut nostrum cum.', 11);
INSERT INTO Grupo_TCC (id_grupo, aluno1, aluno2, aluno3, aluno4, aluno5) VALUES (12, 56, 57, 58, 59, 60);
INSERT INTO TCC (orientador, titulo, id_grupo) VALUES (12, 'Praesentium nostrum quam placeat expedita quisquam.', 12);

-- AULA
INSERT INTO Aula (id_aula, id_turma, professor_aula) VALUES (1, 1, 1);
INSERT INTO Aula (id_aula, id_turma, professor_aula) VALUES (2, 2, 2);
INSERT INTO Aula (id_aula, id_turma, professor_aula) VALUES (3, 3, 3);
INSERT INTO Aula (id_aula, id_turma, professor_aula) VALUES (4, 4, 4);
INSERT INTO Aula (id_aula, id_turma, professor_aula) VALUES (5, 5, 5);
INSERT INTO Aula (id_aula, id_turma, professor_aula) VALUES (6, 6, 6);
INSERT INTO Aula (id_aula, id_turma, professor_aula) VALUES (7, 7, 7);
INSERT INTO Aula (id_aula, id_turma, professor_aula) VALUES (8, 8, 8);
INSERT INTO Aula (id_aula, id_turma, professor_aula) VALUES (9, 9, 9);
INSERT INTO Aula (id_aula, id_turma, professor_aula) VALUES (10, 10, 10);
INSERT INTO Aula (id_aula, id_turma, professor_aula) VALUES (11, 11, 11);
INSERT INTO Aula (id_aula, id_turma, professor_aula) VALUES (12, 12, 12);

-- AVALIACAO / NOTA / HISTORICO_ESCOLAR
INSERT INTO Avaliacao (id_avaliacao, nota, id_disciplina) VALUES (1, 9, 1);
INSERT INTO Nota (id_nota, id_aluno, id_turma, concluido, id_avaliacao) VALUES (1, 1, 1, TRUE, 1);
INSERT INTO HistoricoEscolar (id_aluno, id_turma, id_nota) VALUES (1, 1, 1);
INSERT INTO Nota (id_nota, id_aluno, id_turma, concluido, id_avaliacao) VALUES (2, 2, 2, TRUE, 1);
INSERT INTO HistoricoEscolar (id_aluno, id_turma, id_nota) VALUES (2, 2, 2);
INSERT INTO Nota (id_nota, id_aluno, id_turma, concluido, id_avaliacao) VALUES (3, 3, 3, TRUE, 1);
INSERT INTO HistoricoEscolar (id_aluno, id_turma, id_nota) VALUES (3, 3, 3);
INSERT INTO Nota (id_nota, id_aluno, id_turma, concluido, id_avaliacao) VALUES (4, 4, 4, TRUE, 1);
INSERT INTO HistoricoEscolar (id_aluno, id_turma, id_nota) VALUES (4, 4, 4);
INSERT INTO Nota (id_nota, id_aluno, id_turma, concluido, id_avaliacao) VALUES (5, 5, 5, TRUE, 1);
INSERT INTO HistoricoEscolar (id_aluno, id_turma, id_nota) VALUES (5, 5, 5);
INSERT INTO Nota (id_nota, id_aluno, id_turma, concluido, id_avaliacao) VALUES (6, 6, 6, TRUE, 1);
INSERT INTO HistoricoEscolar (id_aluno, id_turma, id_nota) VALUES (6, 6, 6);
INSERT INTO Nota (id_nota, id_aluno, id_turma, concluido, id_avaliacao) VALUES (7, 7, 7, TRUE, 1);
INSERT INTO HistoricoEscolar (id_aluno, id_turma, id_nota) VALUES (7, 7, 7);
INSERT INTO Nota (id_nota, id_aluno, id_turma, concluido, id_avaliacao) VALUES (8, 8, 8, TRUE, 1);
INSERT INTO HistoricoEscolar (id_aluno, id_turma, id_nota) VALUES (8, 8, 8);
INSERT INTO Nota (id_nota, id_aluno, id_turma, concluido, id_avaliacao) VALUES (9, 9, 9, TRUE, 1);
INSERT INTO HistoricoEscolar (id_aluno, id_turma, id_nota) VALUES (9, 9, 9);
INSERT INTO Nota (id_nota, id_aluno, id_turma, concluido, id_avaliacao) VALUES (10, 10, 10, TRUE, 1);
INSERT INTO HistoricoEscolar (id_aluno, id_turma, id_nota) VALUES (10, 10, 10);
INSERT INTO Nota (id_nota, id_aluno, id_turma, concluido, id_avaliacao) VALUES (11, 11, 11, TRUE, 1);
INSERT INTO HistoricoEscolar (id_aluno, id_turma, id_nota) VALUES (11, 11, 11);
INSERT INTO Nota (id_nota, id_aluno, id_turma, concluido, id_avaliacao) VALUES (12, 12, 12, TRUE, 1);
INSERT INTO HistoricoEscolar (id_aluno, id_turma, id_nota) VALUES (12, 12, 12);
INSERT INTO Nota (id_nota, id_aluno, id_turma, concluido, id_avaliacao) VALUES (13, 13, 1, TRUE, 1);
INSERT INTO HistoricoEscolar (id_aluno, id_turma, id_nota) VALUES (13, 1, 13);
INSERT INTO Nota (id_nota, id_aluno, id_turma, concluido, id_avaliacao) VALUES (14, 14, 2, TRUE, 1);
INSERT INTO HistoricoEscolar (id_aluno, id_turma, id_nota) VALUES (14, 2, 14);
INSERT INTO Nota (id_nota, id_aluno, id_turma, concluido, id_avaliacao) VALUES (15, 15, 3, TRUE, 1);
INSERT INTO HistoricoEscolar (id_aluno, id_turma, id_nota) VALUES (15, 3, 15);
INSERT INTO Nota (id_nota, id_aluno, id_turma, concluido, id_avaliacao) VALUES (16, 16, 4, TRUE, 1);
INSERT INTO HistoricoEscolar (id_aluno, id_turma, id_nota) VALUES (16, 4, 16);
INSERT INTO Nota (id_nota, id_aluno, id_turma, concluido, id_avaliacao) VALUES (17, 17, 5, TRUE, 1);
INSERT INTO HistoricoEscolar (id_aluno, id_turma, id_nota) VALUES (17, 5, 17);
INSERT INTO Nota (id_nota, id_aluno, id_turma, concluido, id_avaliacao) VALUES (18, 18, 6, TRUE, 1);
INSERT INTO HistoricoEscolar (id_aluno, id_turma, id_nota) VALUES (18, 6, 18);
INSERT INTO Nota (id_nota, id_aluno, id_turma, concluido, id_avaliacao) VALUES (19, 19, 7, TRUE, 1);
INSERT INTO HistoricoEscolar (id_aluno, id_turma, id_nota) VALUES (19, 7, 19);
INSERT INTO Nota (id_nota, id_aluno, id_turma, concluido, id_avaliacao) VALUES (20, 20, 8, TRUE, 1);
INSERT INTO HistoricoEscolar (id_aluno, id_turma, id_nota) VALUES (20, 8, 20);
INSERT INTO Nota (id_nota, id_aluno, id_turma, concluido, id_avaliacao) VALUES (21, 21, 9, TRUE, 1);
INSERT INTO HistoricoEscolar (id_aluno, id_turma, id_nota) VALUES (21, 9, 21);
INSERT INTO Nota (id_nota, id_aluno, id_turma, concluido, id_avaliacao) VALUES (22, 22, 10, TRUE, 1);
INSERT INTO HistoricoEscolar (id_aluno, id_turma, id_nota) VALUES (22, 10, 22);
INSERT INTO Nota (id_nota, id_aluno, id_turma, concluido, id_avaliacao) VALUES (23, 23, 11, TRUE, 1);
INSERT INTO HistoricoEscolar (id_aluno, id_turma, id_nota) VALUES (23, 11, 23);
INSERT INTO Nota (id_nota, id_aluno, id_turma, concluido, id_avaliacao) VALUES (24, 24, 12, TRUE, 1);
INSERT INTO HistoricoEscolar (id_aluno, id_turma, id_nota) VALUES (24, 12, 24);
INSERT INTO Nota (id_nota, id_aluno, id_turma, concluido, id_avaliacao) VALUES (25, 25, 1, TRUE, 1);
INSERT INTO HistoricoEscolar (id_aluno, id_turma, id_nota) VALUES (25, 1, 25);
INSERT INTO Nota (id_nota, id_aluno, id_turma, concluido, id_avaliacao) VALUES (26, 26, 2, TRUE, 1);
INSERT INTO HistoricoEscolar (id_aluno, id_turma, id_nota) VALUES (26, 2, 26);
INSERT INTO Nota (id_nota, id_aluno, id_turma, concluido, id_avaliacao) VALUES (27, 27, 3, TRUE, 1);
INSERT INTO HistoricoEscolar (id_aluno, id_turma, id_nota) VALUES (27, 3, 27);
INSERT INTO Nota (id_nota, id_aluno, id_turma, concluido, id_avaliacao) VALUES (28, 28, 4, TRUE, 1);
INSERT INTO HistoricoEscolar (id_aluno, id_turma, id_nota) VALUES (28, 4, 28);
INSERT INTO Nota (id_nota, id_aluno, id_turma, concluido, id_avaliacao) VALUES (29, 29, 5, TRUE, 1);
INSERT INTO HistoricoEscolar (id_aluno, id_turma, id_nota) VALUES (29, 5, 29);
INSERT INTO Nota (id_nota, id_aluno, id_turma, concluido, id_avaliacao) VALUES (30, 30, 6, TRUE, 1);
INSERT INTO HistoricoEscolar (id_aluno, id_turma, id_nota) VALUES (30, 6, 30);
INSERT INTO Nota (id_nota, id_aluno, id_turma, concluido, id_avaliacao) VALUES (31, 31, 7, TRUE, 1);
INSERT INTO HistoricoEscolar (id_aluno, id_turma, id_nota) VALUES (31, 7, 31);
INSERT INTO Nota (id_nota, id_aluno, id_turma, concluido, id_avaliacao) VALUES (32, 32, 8, TRUE, 1);
INSERT INTO HistoricoEscolar (id_aluno, id_turma, id_nota) VALUES (32, 8, 32);
INSERT INTO Nota (id_nota, id_aluno, id_turma, concluido, id_avaliacao) VALUES (33, 33, 9, TRUE, 1);
INSERT INTO HistoricoEscolar (id_aluno, id_turma, id_nota) VALUES (33, 9, 33);
INSERT INTO Nota (id_nota, id_aluno, id_turma, concluido, id_avaliacao) VALUES (34, 34, 10, TRUE, 1);
INSERT INTO HistoricoEscolar (id_aluno, id_turma, id_nota) VALUES (34, 10, 34);
INSERT INTO Nota (id_nota, id_aluno, id_turma, concluido, id_avaliacao) VALUES (35, 35, 11, TRUE, 1);
INSERT INTO HistoricoEscolar (id_aluno, id_turma, id_nota) VALUES (35, 11, 35);
INSERT INTO Nota (id_nota, id_aluno, id_turma, concluido, id_avaliacao) VALUES (36, 36, 12, TRUE, 1);
INSERT INTO HistoricoEscolar (id_aluno, id_turma, id_nota) VALUES (36, 12, 36);
INSERT INTO Nota (id_nota, id_aluno, id_turma, concluido, id_avaliacao) VALUES (37, 37, 1, TRUE, 1);
INSERT INTO HistoricoEscolar (id_aluno, id_turma, id_nota) VALUES (37, 1, 37);
INSERT INTO Nota (id_nota, id_aluno, id_turma, concluido, id_avaliacao) VALUES (38, 38, 2, TRUE, 1);
INSERT INTO HistoricoEscolar (id_aluno, id_turma, id_nota) VALUES (38, 2, 38);
INSERT INTO Nota (id_nota, id_aluno, id_turma, concluido, id_avaliacao) VALUES (39, 39, 3, TRUE, 1);
INSERT INTO HistoricoEscolar (id_aluno, id_turma, id_nota) VALUES (39, 3, 39);
INSERT INTO Nota (id_nota, id_aluno, id_turma, concluido, id_avaliacao) VALUES (40, 40, 4, TRUE, 1);
INSERT INTO HistoricoEscolar (id_aluno, id_turma, id_nota) VALUES (40, 4, 40);
INSERT INTO Nota (id_nota, id_aluno, id_turma, concluido, id_avaliacao) VALUES (41, 41, 5, TRUE, 1);
INSERT INTO HistoricoEscolar (id_aluno, id_turma, id_nota) VALUES (41, 5, 41);
INSERT INTO Nota (id_nota, id_aluno, id_turma, concluido, id_avaliacao) VALUES (42, 42, 6, TRUE, 1);
INSERT INTO HistoricoEscolar (id_aluno, id_turma, id_nota) VALUES (42, 6, 42);
INSERT INTO Nota (id_nota, id_aluno, id_turma, concluido, id_avaliacao) VALUES (43, 43, 7, TRUE, 1);
INSERT INTO HistoricoEscolar (id_aluno, id_turma, id_nota) VALUES (43, 7, 43);
INSERT INTO Nota (id_nota, id_aluno, id_turma, concluido, id_avaliacao) VALUES (44, 44, 8, TRUE, 1);
INSERT INTO HistoricoEscolar (id_aluno, id_turma, id_nota) VALUES (44, 8, 44);
INSERT INTO Nota (id_nota, id_aluno, id_turma, concluido, id_avaliacao) VALUES (45, 45, 9, TRUE, 1);
INSERT INTO HistoricoEscolar (id_aluno, id_turma, id_nota) VALUES (45, 9, 45);
INSERT INTO Nota (id_nota, id_aluno, id_turma, concluido, id_avaliacao) VALUES (46, 46, 10, TRUE, 1);
INSERT INTO HistoricoEscolar (id_aluno, id_turma, id_nota) VALUES (46, 10, 46);
INSERT INTO Nota (id_nota, id_aluno, id_turma, concluido, id_avaliacao) VALUES (47, 47, 11, TRUE, 1);
INSERT INTO HistoricoEscolar (id_aluno, id_turma, id_nota) VALUES (47, 11, 47);
INSERT INTO Nota (id_nota, id_aluno, id_turma, concluido, id_avaliacao) VALUES (48, 48, 12, TRUE, 1);
INSERT INTO HistoricoEscolar (id_aluno, id_turma, id_nota) VALUES (48, 12, 48);
INSERT INTO Nota (id_nota, id_aluno, id_turma, concluido, id_avaliacao) VALUES (49, 49, 1, TRUE, 1);
INSERT INTO HistoricoEscolar (id_aluno, id_turma, id_nota) VALUES (49, 1, 49);
INSERT INTO Nota (id_nota, id_aluno, id_turma, concluido, id_avaliacao) VALUES (50, 50, 2, TRUE, 1);
INSERT INTO HistoricoEscolar (id_aluno, id_turma, id_nota) VALUES (50, 2, 50);
INSERT INTO Nota (id_nota, id_aluno, id_turma, concluido, id_avaliacao) VALUES (51, 51, 3, TRUE, 1);
INSERT INTO HistoricoEscolar (id_aluno, id_turma, id_nota) VALUES (51, 3, 51);
INSERT INTO Nota (id_nota, id_aluno, id_turma, concluido, id_avaliacao) VALUES (52, 52, 4, TRUE, 1);
INSERT INTO HistoricoEscolar (id_aluno, id_turma, id_nota) VALUES (52, 4, 52);
INSERT INTO Nota (id_nota, id_aluno, id_turma, concluido, id_avaliacao) VALUES (53, 53, 5, TRUE, 1);
INSERT INTO HistoricoEscolar (id_aluno, id_turma, id_nota) VALUES (53, 5, 53);
INSERT INTO Nota (id_nota, id_aluno, id_turma, concluido, id_avaliacao) VALUES (54, 54, 6, TRUE, 1);
INSERT INTO HistoricoEscolar (id_aluno, id_turma, id_nota) VALUES (54, 6, 54);
INSERT INTO Nota (id_nota, id_aluno, id_turma, concluido, id_avaliacao) VALUES (55, 55, 7, TRUE, 1);
INSERT INTO HistoricoEscolar (id_aluno, id_turma, id_nota) VALUES (55, 7, 55);
INSERT INTO Nota (id_nota, id_aluno, id_turma, concluido, id_avaliacao) VALUES (56, 56, 8, TRUE, 1);
INSERT INTO HistoricoEscolar (id_aluno, id_turma, id_nota) VALUES (56, 8, 56);
INSERT INTO Nota (id_nota, id_aluno, id_turma, concluido, id_avaliacao) VALUES (57, 57, 9, TRUE, 1);
INSERT INTO HistoricoEscolar (id_aluno, id_turma, id_nota) VALUES (57, 9, 57);
INSERT INTO Nota (id_nota, id_aluno, id_turma, concluido, id_avaliacao) VALUES (58, 58, 10, TRUE, 1);
INSERT INTO HistoricoEscolar (id_aluno, id_turma, id_nota) VALUES (58, 10, 58);
INSERT INTO Nota (id_nota, id_aluno, id_turma, concluido, id_avaliacao) VALUES (59, 59, 11, TRUE, 1);
INSERT INTO HistoricoEscolar (id_aluno, id_turma, id_nota) VALUES (59, 11, 59);
INSERT INTO Nota (id_nota, id_aluno, id_turma, concluido, id_avaliacao) VALUES (60, 60, 12, TRUE, 1);
INSERT INTO HistoricoEscolar (id_aluno, id_turma, id_nota) VALUES (60, 12, 60);
INSERT INTO Avaliacao (id_avaliacao, nota, id_disciplina) VALUES (2, 6, 2);
INSERT INTO Nota (id_nota, id_aluno, id_turma, concluido, id_avaliacao) VALUES (61, 1, 1, TRUE, 2);
INSERT INTO HistoricoEscolar (id_aluno, id_turma, id_nota) VALUES (1, 1, 61);
INSERT INTO Nota (id_nota, id_aluno, id_turma, concluido, id_avaliacao) VALUES (62, 2, 2, TRUE, 2);
INSERT INTO HistoricoEscolar (id_aluno, id_turma, id_nota) VALUES (2, 2, 62);
INSERT INTO Nota (id_nota, id_aluno, id_turma, concluido, id_avaliacao) VALUES (63, 3, 3, TRUE, 2);
INSERT INTO HistoricoEscolar (id_aluno, id_turma, id_nota) VALUES (3, 3, 63);
INSERT INTO Nota (id_nota, id_aluno, id_turma, concluido, id_avaliacao) VALUES (64, 4, 4, TRUE, 2);
INSERT INTO HistoricoEscolar (id_aluno, id_turma, id_nota) VALUES (4, 4, 64);
INSERT INTO Nota (id_nota, id_aluno, id_turma, concluido, id_avaliacao) VALUES (65, 5, 5, TRUE, 2);
INSERT INTO HistoricoEscolar (id_aluno, id_turma, id_nota) VALUES (5, 5, 65);
INSERT INTO Nota (id_nota, id_aluno, id_turma, concluido, id_avaliacao) VALUES (66, 6, 6, TRUE, 2);
INSERT INTO HistoricoEscolar (id_aluno, id_turma, id_nota) VALUES (6, 6, 66);
INSERT INTO Nota (id_nota, id_aluno, id_turma, concluido, id_avaliacao) VALUES (67, 7, 7, TRUE, 2);
INSERT INTO HistoricoEscolar (id_aluno, id_turma, id_nota) VALUES (7, 7, 67);
INSERT INTO Nota (id_nota, id_aluno, id_turma, concluido, id_avaliacao) VALUES (68, 8, 8, TRUE, 2);
INSERT INTO HistoricoEscolar (id_aluno, id_turma, id_nota) VALUES (8, 8, 68);
INSERT INTO Nota (id_nota, id_aluno, id_turma, concluido, id_avaliacao) VALUES (69, 9, 9, TRUE, 2);
INSERT INTO HistoricoEscolar (id_aluno, id_turma, id_nota) VALUES (9, 9, 69);
INSERT INTO Nota (id_nota, id_aluno, id_turma, concluido, id_avaliacao) VALUES (70, 10, 10, TRUE, 2);
INSERT INTO HistoricoEscolar (id_aluno, id_turma, id_nota) VALUES (10, 10, 70);
INSERT INTO Nota (id_nota, id_aluno, id_turma, concluido, id_avaliacao) VALUES (71, 11, 11, TRUE, 2);
INSERT INTO HistoricoEscolar (id_aluno, id_turma, id_nota) VALUES (11, 11, 71);
INSERT INTO Nota (id_nota, id_aluno, id_turma, concluido, id_avaliacao) VALUES (72, 12, 12, TRUE, 2);
INSERT INTO HistoricoEscolar (id_aluno, id_turma, id_nota) VALUES (12, 12, 72);
INSERT INTO Nota (id_nota, id_aluno, id_turma, concluido, id_avaliacao) VALUES (73, 13, 1, TRUE, 2);
INSERT INTO HistoricoEscolar (id_aluno, id_turma, id_nota) VALUES (13, 1, 73);
INSERT INTO Nota (id_nota, id_aluno, id_turma, concluido, id_avaliacao) VALUES (74, 14, 2, TRUE, 2);
INSERT INTO HistoricoEscolar (id_aluno, id_turma, id_nota) VALUES (14, 2, 74);
INSERT INTO Nota (id_nota, id_aluno, id_turma, concluido, id_avaliacao) VALUES (75, 15, 3, TRUE, 2);
INSERT INTO HistoricoEscolar (id_aluno, id_turma, id_nota) VALUES (15, 3, 75);
INSERT INTO Nota (id_nota, id_aluno, id_turma, concluido, id_avaliacao) VALUES (76, 16, 4, TRUE, 2);
INSERT INTO HistoricoEscolar (id_aluno, id_turma, id_nota) VALUES (16, 4, 76);
INSERT INTO Nota (id_nota, id_aluno, id_turma, concluido, id_avaliacao) VALUES (77, 17, 5, TRUE, 2);
INSERT INTO HistoricoEscolar (id_aluno, id_turma, id_nota) VALUES (17, 5, 77);
INSERT INTO Nota (id_nota, id_aluno, id_turma, concluido, id_avaliacao) VALUES (78, 18, 6, TRUE, 2);
INSERT INTO HistoricoEscolar (id_aluno, id_turma, id_nota) VALUES (18, 6, 78);
INSERT INTO Nota (id_nota, id_aluno, id_turma, concluido, id_avaliacao) VALUES (79, 19, 7, TRUE, 2);
INSERT INTO HistoricoEscolar (id_aluno, id_turma, id_nota) VALUES (19, 7, 79);
INSERT INTO Nota (id_nota, id_aluno, id_turma, concluido, id_avaliacao) VALUES (80, 20, 8, TRUE, 2);
INSERT INTO HistoricoEscolar (id_aluno, id_turma, id_nota) VALUES (20, 8, 80);
INSERT INTO Nota (id_nota, id_aluno, id_turma, concluido, id_avaliacao) VALUES (81, 21, 9, TRUE, 2);
INSERT INTO HistoricoEscolar (id_aluno, id_turma, id_nota) VALUES (21, 9, 81);
INSERT INTO Nota (id_nota, id_aluno, id_turma, concluido, id_avaliacao) VALUES (82, 22, 10, TRUE, 2);
INSERT INTO HistoricoEscolar (id_aluno, id_turma, id_nota) VALUES (22, 10, 82);
INSERT INTO Nota (id_nota, id_aluno, id_turma, concluido, id_avaliacao) VALUES (83, 23, 11, TRUE, 2);
INSERT INTO HistoricoEscolar (id_aluno, id_turma, id_nota) VALUES (23, 11, 83);
INSERT INTO Nota (id_nota, id_aluno, id_turma, concluido, id_avaliacao) VALUES (84, 24, 12, TRUE, 2);
INSERT INTO HistoricoEscolar (id_aluno, id_turma, id_nota) VALUES (24, 12, 84);
INSERT INTO Nota (id_nota, id_aluno, id_turma, concluido, id_avaliacao) VALUES (85, 25, 1, TRUE, 2);
INSERT INTO HistoricoEscolar (id_aluno, id_turma, id_nota) VALUES (25, 1, 85);
INSERT INTO Nota (id_nota, id_aluno, id_turma, concluido, id_avaliacao) VALUES (86, 26, 2, TRUE, 2);
INSERT INTO HistoricoEscolar (id_aluno, id_turma, id_nota) VALUES (26, 2, 86);
INSERT INTO Nota (id_nota, id_aluno, id_turma, concluido, id_avaliacao) VALUES (87, 27, 3, TRUE, 2);
INSERT INTO HistoricoEscolar (id_aluno, id_turma, id_nota) VALUES (27, 3, 87);
INSERT INTO Nota (id_nota, id_aluno, id_turma, concluido, id_avaliacao) VALUES (88, 28, 4, TRUE, 2);
INSERT INTO HistoricoEscolar (id_aluno, id_turma, id_nota) VALUES (28, 4, 88);
INSERT INTO Nota (id_nota, id_aluno, id_turma, concluido, id_avaliacao) VALUES (89, 29, 5, TRUE, 2);
INSERT INTO HistoricoEscolar (id_aluno, id_turma, id_nota) VALUES (29, 5, 89);
INSERT INTO Nota (id_nota, id_aluno, id_turma, concluido, id_avaliacao) VALUES (90, 30, 6, TRUE, 2);
INSERT INTO HistoricoEscolar (id_aluno, id_turma, id_nota) VALUES (30, 6, 90);
INSERT INTO Nota (id_nota, id_aluno, id_turma, concluido, id_avaliacao) VALUES (91, 31, 7, TRUE, 2);
INSERT INTO HistoricoEscolar (id_aluno, id_turma, id_nota) VALUES (31, 7, 91);
INSERT INTO Nota (id_nota, id_aluno, id_turma, concluido, id_avaliacao) VALUES (92, 32, 8, TRUE, 2);
INSERT INTO HistoricoEscolar (id_aluno, id_turma, id_nota) VALUES (32, 8, 92);
INSERT INTO Nota (id_nota, id_aluno, id_turma, concluido, id_avaliacao) VALUES (93, 33, 9, TRUE, 2);
INSERT INTO HistoricoEscolar (id_aluno, id_turma, id_nota) VALUES (33, 9, 93);
INSERT INTO Nota (id_nota, id_aluno, id_turma, concluido, id_avaliacao) VALUES (94, 34, 10, TRUE, 2);
INSERT INTO HistoricoEscolar (id_aluno, id_turma, id_nota) VALUES (34, 10, 94);
INSERT INTO Nota (id_nota, id_aluno, id_turma, concluido, id_avaliacao) VALUES (95, 35, 11, TRUE, 2);
INSERT INTO HistoricoEscolar (id_aluno, id_turma, id_nota) VALUES (35, 11, 95);
INSERT INTO Nota (id_nota, id_aluno, id_turma, concluido, id_avaliacao) VALUES (96, 36, 12, TRUE, 2);
INSERT INTO HistoricoEscolar (id_aluno, id_turma, id_nota) VALUES (36, 12, 96);
INSERT INTO Nota (id_nota, id_aluno, id_turma, concluido, id_avaliacao) VALUES (97, 37, 1, TRUE, 2);
INSERT INTO HistoricoEscolar (id_aluno, id_turma, id_nota) VALUES (37, 1, 97);
INSERT INTO Nota (id_nota, id_aluno, id_turma, concluido, id_avaliacao) VALUES (98, 38, 2, TRUE, 2);
INSERT INTO HistoricoEscolar (id_aluno, id_turma, id_nota) VALUES (38, 2, 98);
INSERT INTO Nota (id_nota, id_aluno, id_turma, concluido, id_avaliacao) VALUES (99, 39, 3, TRUE, 2);
INSERT INTO HistoricoEscolar (id_aluno, id_turma, id_nota) VALUES (39, 3, 99);
INSERT INTO Nota (id_nota, id_aluno, id_turma, concluido, id_avaliacao) VALUES (100, 40, 4, TRUE, 2);
INSERT INTO HistoricoEscolar (id_aluno, id_turma, id_nota) VALUES (40, 4, 100);
INSERT INTO Nota (id_nota, id_aluno, id_turma, concluido, id_avaliacao) VALUES (101, 41, 5, TRUE, 2);
INSERT INTO HistoricoEscolar (id_aluno, id_turma, id_nota) VALUES (41, 5, 101);
INSERT INTO Nota (id_nota, id_aluno, id_turma, concluido, id_avaliacao) VALUES (102, 42, 6, TRUE, 2);
INSERT INTO HistoricoEscolar (id_aluno, id_turma, id_nota) VALUES (42, 6, 102);
INSERT INTO Nota (id_nota, id_aluno, id_turma, concluido, id_avaliacao) VALUES (103, 43, 7, TRUE, 2);
INSERT INTO HistoricoEscolar (id_aluno, id_turma, id_nota) VALUES (43, 7, 103);
INSERT INTO Nota (id_nota, id_aluno, id_turma, concluido, id_avaliacao) VALUES (104, 44, 8, TRUE, 2);
INSERT INTO HistoricoEscolar (id_aluno, id_turma, id_nota) VALUES (44, 8, 104);
INSERT INTO Nota (id_nota, id_aluno, id_turma, concluido, id_avaliacao) VALUES (105, 45, 9, TRUE, 2);
INSERT INTO HistoricoEscolar (id_aluno, id_turma, id_nota) VALUES (45, 9, 105);
INSERT INTO Nota (id_nota, id_aluno, id_turma, concluido, id_avaliacao) VALUES (106, 46, 10, TRUE, 2);
INSERT INTO HistoricoEscolar (id_aluno, id_turma, id_nota) VALUES (46, 10, 106);
INSERT INTO Nota (id_nota, id_aluno, id_turma, concluido, id_avaliacao) VALUES (107, 47, 11, TRUE, 2);
INSERT INTO HistoricoEscolar (id_aluno, id_turma, id_nota) VALUES (47, 11, 107);
INSERT INTO Nota (id_nota, id_aluno, id_turma, concluido, id_avaliacao) VALUES (108, 48, 12, TRUE, 2);
INSERT INTO HistoricoEscolar (id_aluno, id_turma, id_nota) VALUES (48, 12, 108);
INSERT INTO Nota (id_nota, id_aluno, id_turma, concluido, id_avaliacao) VALUES (109, 49, 1, TRUE, 2);
INSERT INTO HistoricoEscolar (id_aluno, id_turma, id_nota) VALUES (49, 1, 109);
INSERT INTO Nota (id_nota, id_aluno, id_turma, concluido, id_avaliacao) VALUES (110, 50, 2, TRUE, 2);
INSERT INTO HistoricoEscolar (id_aluno, id_turma, id_nota) VALUES (50, 2, 110);
INSERT INTO Nota (id_nota, id_aluno, id_turma, concluido, id_avaliacao) VALUES (111, 51, 3, TRUE, 2);
INSERT INTO HistoricoEscolar (id_aluno, id_turma, id_nota) VALUES (51, 3, 111);
INSERT INTO Nota (id_nota, id_aluno, id_turma, concluido, id_avaliacao) VALUES (112, 52, 4, TRUE, 2);
INSERT INTO HistoricoEscolar (id_aluno, id_turma, id_nota) VALUES (52, 4, 112);
INSERT INTO Nota (id_nota, id_aluno, id_turma, concluido, id_avaliacao) VALUES (113, 53, 5, TRUE, 2);
INSERT INTO HistoricoEscolar (id_aluno, id_turma, id_nota) VALUES (53, 5, 113);
INSERT INTO Nota (id_nota, id_aluno, id_turma, concluido, id_avaliacao) VALUES (114, 54, 6, TRUE, 2);
INSERT INTO HistoricoEscolar (id_aluno, id_turma, id_nota) VALUES (54, 6, 114);
INSERT INTO Nota (id_nota, id_aluno, id_turma, concluido, id_avaliacao) VALUES (115, 55, 7, TRUE, 2);
INSERT INTO HistoricoEscolar (id_aluno, id_turma, id_nota) VALUES (55, 7, 115);
INSERT INTO Nota (id_nota, id_aluno, id_turma, concluido, id_avaliacao) VALUES (116, 56, 8, TRUE, 2);
INSERT INTO HistoricoEscolar (id_aluno, id_turma, id_nota) VALUES (56, 8, 116);
INSERT INTO Nota (id_nota, id_aluno, id_turma, concluido, id_avaliacao) VALUES (117, 57, 9, TRUE, 2);
INSERT INTO HistoricoEscolar (id_aluno, id_turma, id_nota) VALUES (57, 9, 117);
INSERT INTO Nota (id_nota, id_aluno, id_turma, concluido, id_avaliacao) VALUES (118, 58, 10, TRUE, 2);
INSERT INTO HistoricoEscolar (id_aluno, id_turma, id_nota) VALUES (58, 10, 118);
INSERT INTO Nota (id_nota, id_aluno, id_turma, concluido, id_avaliacao) VALUES (119, 59, 11, TRUE, 2);
INSERT INTO HistoricoEscolar (id_aluno, id_turma, id_nota) VALUES (59, 11, 119);
INSERT INTO Nota (id_nota, id_aluno, id_turma, concluido, id_avaliacao) VALUES (120, 60, 12, TRUE, 2);
INSERT INTO HistoricoEscolar (id_aluno, id_turma, id_nota) VALUES (60, 12, 120);
INSERT INTO Avaliacao (id_avaliacao, nota, id_disciplina) VALUES (3, 10, 3);
INSERT INTO Nota (id_nota, id_aluno, id_turma, concluido, id_avaliacao) VALUES (121, 1, 1, TRUE, 3);
INSERT INTO HistoricoEscolar (id_aluno, id_turma, id_nota) VALUES (1, 1, 121);
INSERT INTO Nota (id_nota, id_aluno, id_turma, concluido, id_avaliacao) VALUES (122, 2, 2, TRUE, 3);
INSERT INTO HistoricoEscolar (id_aluno, id_turma, id_nota) VALUES (2, 2, 122);
INSERT INTO Nota (id_nota, id_aluno, id_turma, concluido, id_avaliacao) VALUES (123, 3, 3, TRUE, 3);
INSERT INTO HistoricoEscolar (id_aluno, id_turma, id_nota) VALUES (3, 3, 123);
INSERT INTO Nota (id_nota, id_aluno, id_turma, concluido, id_avaliacao) VALUES (124, 4, 4, TRUE, 3);
INSERT INTO HistoricoEscolar (id_aluno, id_turma, id_nota) VALUES (4, 4, 124);
INSERT INTO Nota (id_nota, id_aluno, id_turma, concluido, id_avaliacao) VALUES (125, 5, 5, TRUE, 3);
INSERT INTO HistoricoEscolar (id_aluno, id_turma, id_nota) VALUES (5, 5, 125);
INSERT INTO Nota (id_nota, id_aluno, id_turma, concluido, id_avaliacao) VALUES (126, 6, 6, TRUE, 3);
INSERT INTO HistoricoEscolar (id_aluno, id_turma, id_nota) VALUES (6, 6, 126);
INSERT INTO Nota (id_nota, id_aluno, id_turma, concluido, id_avaliacao) VALUES (127, 7, 7, TRUE, 3);
INSERT INTO HistoricoEscolar (id_aluno, id_turma, id_nota) VALUES (7, 7, 127);
INSERT INTO Nota (id_nota, id_aluno, id_turma, concluido, id_avaliacao) VALUES (128, 8, 8, TRUE, 3);
INSERT INTO HistoricoEscolar (id_aluno, id_turma, id_nota) VALUES (8, 8, 128);
INSERT INTO Nota (id_nota, id_aluno, id_turma, concluido, id_avaliacao) VALUES (129, 9, 9, TRUE, 3);
INSERT INTO HistoricoEscolar (id_aluno, id_turma, id_nota) VALUES (9, 9, 129);
INSERT INTO Nota (id_nota, id_aluno, id_turma, concluido, id_avaliacao) VALUES (130, 10, 10, TRUE, 3);
INSERT INTO HistoricoEscolar (id_aluno, id_turma, id_nota) VALUES (10, 10, 130);
INSERT INTO Nota (id_nota, id_aluno, id_turma, concluido, id_avaliacao) VALUES (131, 11, 11, TRUE, 3);
INSERT INTO HistoricoEscolar (id_aluno, id_turma, id_nota) VALUES (11, 11, 131);
INSERT INTO Nota (id_nota, id_aluno, id_turma, concluido, id_avaliacao) VALUES (132, 12, 12, TRUE, 3);
INSERT INTO HistoricoEscolar (id_aluno, id_turma, id_nota) VALUES (12, 12, 132);
INSERT INTO Nota (id_nota, id_aluno, id_turma, concluido, id_avaliacao) VALUES (133, 13, 1, TRUE, 3);
INSERT INTO HistoricoEscolar (id_aluno, id_turma, id_nota) VALUES (13, 1, 133);
INSERT INTO Nota (id_nota, id_aluno, id_turma, concluido, id_avaliacao) VALUES (134, 14, 2, TRUE, 3);
INSERT INTO HistoricoEscolar (id_aluno, id_turma, id_nota) VALUES (14, 2, 134);
INSERT INTO Nota (id_nota, id_aluno, id_turma, concluido, id_avaliacao) VALUES (135, 15, 3, TRUE, 3);
INSERT INTO HistoricoEscolar (id_aluno, id_turma, id_nota) VALUES (15, 3, 135);
INSERT INTO Nota (id_nota, id_aluno, id_turma, concluido, id_avaliacao) VALUES (136, 16, 4, TRUE, 3);
INSERT INTO HistoricoEscolar (id_aluno, id_turma, id_nota) VALUES (16, 4, 136);
INSERT INTO Nota (id_nota, id_aluno, id_turma, concluido, id_avaliacao) VALUES (137, 17, 5, TRUE, 3);
INSERT INTO HistoricoEscolar (id_aluno, id_turma, id_nota) VALUES (17, 5, 137);
INSERT INTO Nota (id_nota, id_aluno, id_turma, concluido, id_avaliacao) VALUES (138, 18, 6, TRUE, 3);
INSERT INTO HistoricoEscolar (id_aluno, id_turma, id_nota) VALUES (18, 6, 138);
INSERT INTO Nota (id_nota, id_aluno, id_turma, concluido, id_avaliacao) VALUES (139, 19, 7, TRUE, 3);
INSERT INTO HistoricoEscolar (id_aluno, id_turma, id_nota) VALUES (19, 7, 139);
INSERT INTO Nota (id_nota, id_aluno, id_turma, concluido, id_avaliacao) VALUES (140, 20, 8, TRUE, 3);
INSERT INTO HistoricoEscolar (id_aluno, id_turma, id_nota) VALUES (20, 8, 140);
INSERT INTO Nota (id_nota, id_aluno, id_turma, concluido, id_avaliacao) VALUES (141, 21, 9, TRUE, 3);
INSERT INTO HistoricoEscolar (id_aluno, id_turma, id_nota) VALUES (21, 9, 141);
INSERT INTO Nota (id_nota, id_aluno, id_turma, concluido, id_avaliacao) VALUES (142, 22, 10, TRUE, 3);
INSERT INTO HistoricoEscolar (id_aluno, id_turma, id_nota) VALUES (22, 10, 142);
INSERT INTO Nota (id_nota, id_aluno, id_turma, concluido, id_avaliacao) VALUES (143, 23, 11, TRUE, 3);
INSERT INTO HistoricoEscolar (id_aluno, id_turma, id_nota) VALUES (23, 11, 143);
INSERT INTO Nota (id_nota, id_aluno, id_turma, concluido, id_avaliacao) VALUES (144, 24, 12, TRUE, 3);
INSERT INTO HistoricoEscolar (id_aluno, id_turma, id_nota) VALUES (24, 12, 144);
INSERT INTO Nota (id_nota, id_aluno, id_turma, concluido, id_avaliacao) VALUES (145, 25, 1, TRUE, 3);
INSERT INTO HistoricoEscolar (id_aluno, id_turma, id_nota) VALUES (25, 1, 145);
INSERT INTO Nota (id_nota, id_aluno, id_turma, concluido, id_avaliacao) VALUES (146, 26, 2, TRUE, 3);
INSERT INTO HistoricoEscolar (id_aluno, id_turma, id_nota) VALUES (26, 2, 146);
INSERT INTO Nota (id_nota, id_aluno, id_turma, concluido, id_avaliacao) VALUES (147, 27, 3, TRUE, 3);
INSERT INTO HistoricoEscolar (id_aluno, id_turma, id_nota) VALUES (27, 3, 147);
INSERT INTO Nota (id_nota, id_aluno, id_turma, concluido, id_avaliacao) VALUES (148, 28, 4, TRUE, 3);
INSERT INTO HistoricoEscolar (id_aluno, id_turma, id_nota) VALUES (28, 4, 148);
INSERT INTO Nota (id_nota, id_aluno, id_turma, concluido, id_avaliacao) VALUES (149, 29, 5, TRUE, 3);
INSERT INTO HistoricoEscolar (id_aluno, id_turma, id_nota) VALUES (29, 5, 149);
INSERT INTO Nota (id_nota, id_aluno, id_turma, concluido, id_avaliacao) VALUES (150, 30, 6, TRUE, 3);
INSERT INTO HistoricoEscolar (id_aluno, id_turma, id_nota) VALUES (30, 6, 150);
INSERT INTO Nota (id_nota, id_aluno, id_turma, concluido, id_avaliacao) VALUES (151, 31, 7, TRUE, 3);
INSERT INTO HistoricoEscolar (id_aluno, id_turma, id_nota) VALUES (31, 7, 151);
INSERT INTO Nota (id_nota, id_aluno, id_turma, concluido, id_avaliacao) VALUES (152, 32, 8, TRUE, 3);
INSERT INTO HistoricoEscolar (id_aluno, id_turma, id_nota) VALUES (32, 8, 152);
INSERT INTO Nota (id_nota, id_aluno, id_turma, concluido, id_avaliacao) VALUES (153, 33, 9, TRUE, 3);
INSERT INTO HistoricoEscolar (id_aluno, id_turma, id_nota) VALUES (33, 9, 153);
INSERT INTO Nota (id_nota, id_aluno, id_turma, concluido, id_avaliacao) VALUES (154, 34, 10, TRUE, 3);
INSERT INTO HistoricoEscolar (id_aluno, id_turma, id_nota) VALUES (34, 10, 154);
INSERT INTO Nota (id_nota, id_aluno, id_turma, concluido, id_avaliacao) VALUES (155, 35, 11, TRUE, 3);
INSERT INTO HistoricoEscolar (id_aluno, id_turma, id_nota) VALUES (35, 11, 155);
INSERT INTO Nota (id_nota, id_aluno, id_turma, concluido, id_avaliacao) VALUES (156, 36, 12, TRUE, 3);
INSERT INTO HistoricoEscolar (id_aluno, id_turma, id_nota) VALUES (36, 12, 156);
INSERT INTO Nota (id_nota, id_aluno, id_turma, concluido, id_avaliacao) VALUES (157, 37, 1, TRUE, 3);
INSERT INTO HistoricoEscolar (id_aluno, id_turma, id_nota) VALUES (37, 1, 157);
INSERT INTO Nota (id_nota, id_aluno, id_turma, concluido, id_avaliacao) VALUES (158, 38, 2, TRUE, 3);
INSERT INTO HistoricoEscolar (id_aluno, id_turma, id_nota) VALUES (38, 2, 158);
INSERT INTO Nota (id_nota, id_aluno, id_turma, concluido, id_avaliacao) VALUES (159, 39, 3, TRUE, 3);
INSERT INTO HistoricoEscolar (id_aluno, id_turma, id_nota) VALUES (39, 3, 159);
INSERT INTO Nota (id_nota, id_aluno, id_turma, concluido, id_avaliacao) VALUES (160, 40, 4, TRUE, 3);
INSERT INTO HistoricoEscolar (id_aluno, id_turma, id_nota) VALUES (40, 4, 160);
INSERT INTO Nota (id_nota, id_aluno, id_turma, concluido, id_avaliacao) VALUES (161, 41, 5, TRUE, 3);
INSERT INTO HistoricoEscolar (id_aluno, id_turma, id_nota) VALUES (41, 5, 161);
INSERT INTO Nota (id_nota, id_aluno, id_turma, concluido, id_avaliacao) VALUES (162, 42, 6, TRUE, 3);
INSERT INTO HistoricoEscolar (id_aluno, id_turma, id_nota) VALUES (42, 6, 162);
INSERT INTO Nota (id_nota, id_aluno, id_turma, concluido, id_avaliacao) VALUES (163, 43, 7, TRUE, 3);
INSERT INTO HistoricoEscolar (id_aluno, id_turma, id_nota) VALUES (43, 7, 163);
INSERT INTO Nota (id_nota, id_aluno, id_turma, concluido, id_avaliacao) VALUES (164, 44, 8, TRUE, 3);
INSERT INTO HistoricoEscolar (id_aluno, id_turma, id_nota) VALUES (44, 8, 164);
INSERT INTO Nota (id_nota, id_aluno, id_turma, concluido, id_avaliacao) VALUES (165, 45, 9, TRUE, 3);
INSERT INTO HistoricoEscolar (id_aluno, id_turma, id_nota) VALUES (45, 9, 165);
INSERT INTO Nota (id_nota, id_aluno, id_turma, concluido, id_avaliacao) VALUES (166, 46, 10, TRUE, 3);
INSERT INTO HistoricoEscolar (id_aluno, id_turma, id_nota) VALUES (46, 10, 166);
INSERT INTO Nota (id_nota, id_aluno, id_turma, concluido, id_avaliacao) VALUES (167, 47, 11, TRUE, 3);
INSERT INTO HistoricoEscolar (id_aluno, id_turma, id_nota) VALUES (47, 11, 167);
INSERT INTO Nota (id_nota, id_aluno, id_turma, concluido, id_avaliacao) VALUES (168, 48, 12, TRUE, 3);
INSERT INTO HistoricoEscolar (id_aluno, id_turma, id_nota) VALUES (48, 12, 168);
INSERT INTO Nota (id_nota, id_aluno, id_turma, concluido, id_avaliacao) VALUES (169, 49, 1, TRUE, 3);
INSERT INTO HistoricoEscolar (id_aluno, id_turma, id_nota) VALUES (49, 1, 169);
INSERT INTO Nota (id_nota, id_aluno, id_turma, concluido, id_avaliacao) VALUES (170, 50, 2, TRUE, 3);
INSERT INTO HistoricoEscolar (id_aluno, id_turma, id_nota) VALUES (50, 2, 170);
INSERT INTO Nota (id_nota, id_aluno, id_turma, concluido, id_avaliacao) VALUES (171, 51, 3, TRUE, 3);
INSERT INTO HistoricoEscolar (id_aluno, id_turma, id_nota) VALUES (51, 3, 171);
INSERT INTO Nota (id_nota, id_aluno, id_turma, concluido, id_avaliacao) VALUES (172, 52, 4, TRUE, 3);
INSERT INTO HistoricoEscolar (id_aluno, id_turma, id_nota) VALUES (52, 4, 172);
INSERT INTO Nota (id_nota, id_aluno, id_turma, concluido, id_avaliacao) VALUES (173, 53, 5, TRUE, 3);
INSERT INTO HistoricoEscolar (id_aluno, id_turma, id_nota) VALUES (53, 5, 173);
INSERT INTO Nota (id_nota, id_aluno, id_turma, concluido, id_avaliacao) VALUES (174, 54, 6, TRUE, 3);
INSERT INTO HistoricoEscolar (id_aluno, id_turma, id_nota) VALUES (54, 6, 174);
INSERT INTO Nota (id_nota, id_aluno, id_turma, concluido, id_avaliacao) VALUES (175, 55, 7, TRUE, 3);
INSERT INTO HistoricoEscolar (id_aluno, id_turma, id_nota) VALUES (55, 7, 175);
INSERT INTO Nota (id_nota, id_aluno, id_turma, concluido, id_avaliacao) VALUES (176, 56, 8, TRUE, 3);
INSERT INTO HistoricoEscolar (id_aluno, id_turma, id_nota) VALUES (56, 8, 176);
INSERT INTO Nota (id_nota, id_aluno, id_turma, concluido, id_avaliacao) VALUES (177, 57, 9, TRUE, 3);
INSERT INTO HistoricoEscolar (id_aluno, id_turma, id_nota) VALUES (57, 9, 177);
INSERT INTO Nota (id_nota, id_aluno, id_turma, concluido, id_avaliacao) VALUES (178, 58, 10, TRUE, 3);
INSERT INTO HistoricoEscolar (id_aluno, id_turma, id_nota) VALUES (58, 10, 178);
INSERT INTO Nota (id_nota, id_aluno, id_turma, concluido, id_avaliacao) VALUES (179, 59, 11, TRUE, 3);
INSERT INTO HistoricoEscolar (id_aluno, id_turma, id_nota) VALUES (59, 11, 179);
INSERT INTO Nota (id_nota, id_aluno, id_turma, concluido, id_avaliacao) VALUES (180, 60, 12, TRUE, 3);
INSERT INTO HistoricoEscolar (id_aluno, id_turma, id_nota) VALUES (60, 12, 180);
INSERT INTO Avaliacao (id_avaliacao, nota, id_disciplina) VALUES (4, 5, 4);
INSERT INTO Nota (id_nota, id_aluno, id_turma, concluido, id_avaliacao) VALUES (181, 1, 1, TRUE, 4);
INSERT INTO HistoricoEscolar (id_aluno, id_turma, id_nota) VALUES (1, 1, 181);
INSERT INTO Nota (id_nota, id_aluno, id_turma, concluido, id_avaliacao) VALUES (182, 2, 2, TRUE, 4);
INSERT INTO HistoricoEscolar (id_aluno, id_turma, id_nota) VALUES (2, 2, 182);
INSERT INTO Nota (id_nota, id_aluno, id_turma, concluido, id_avaliacao) VALUES (183, 3, 3, TRUE, 4);
INSERT INTO HistoricoEscolar (id_aluno, id_turma, id_nota) VALUES (3, 3, 183);
INSERT INTO Nota (id_nota, id_aluno, id_turma, concluido, id_avaliacao) VALUES (184, 4, 4, TRUE, 4);
INSERT INTO HistoricoEscolar (id_aluno, id_turma, id_nota) VALUES (4, 4, 184);
INSERT INTO Nota (id_nota, id_aluno, id_turma, concluido, id_avaliacao) VALUES (185, 5, 5, TRUE, 4);
INSERT INTO HistoricoEscolar (id_aluno, id_turma, id_nota) VALUES (5, 5, 185);
INSERT INTO Nota (id_nota, id_aluno, id_turma, concluido, id_avaliacao) VALUES (186, 6, 6, TRUE, 4);
INSERT INTO HistoricoEscolar (id_aluno, id_turma, id_nota) VALUES (6, 6, 186);
INSERT INTO Nota (id_nota, id_aluno, id_turma, concluido, id_avaliacao) VALUES (187, 7, 7, TRUE, 4);
INSERT INTO HistoricoEscolar (id_aluno, id_turma, id_nota) VALUES (7, 7, 187);
INSERT INTO Nota (id_nota, id_aluno, id_turma, concluido, id_avaliacao) VALUES (188, 8, 8, TRUE, 4);
INSERT INTO HistoricoEscolar (id_aluno, id_turma, id_nota) VALUES (8, 8, 188);
INSERT INTO Nota (id_nota, id_aluno, id_turma, concluido, id_avaliacao) VALUES (189, 9, 9, TRUE, 4);
INSERT INTO HistoricoEscolar (id_aluno, id_turma, id_nota) VALUES (9, 9, 189);
INSERT INTO Nota (id_nota, id_aluno, id_turma, concluido, id_avaliacao) VALUES (190, 10, 10, TRUE, 4);
INSERT INTO HistoricoEscolar (id_aluno, id_turma, id_nota) VALUES (10, 10, 190);
INSERT INTO Nota (id_nota, id_aluno, id_turma, concluido, id_avaliacao) VALUES (191, 11, 11, TRUE, 4);
INSERT INTO HistoricoEscolar (id_aluno, id_turma, id_nota) VALUES (11, 11, 191);
INSERT INTO Nota (id_nota, id_aluno, id_turma, concluido, id_avaliacao) VALUES (192, 12, 12, TRUE, 4);
INSERT INTO HistoricoEscolar (id_aluno, id_turma, id_nota) VALUES (12, 12, 192);
INSERT INTO Nota (id_nota, id_aluno, id_turma, concluido, id_avaliacao) VALUES (193, 13, 1, TRUE, 4);
INSERT INTO HistoricoEscolar (id_aluno, id_turma, id_nota) VALUES (13, 1, 193);
INSERT INTO Nota (id_nota, id_aluno, id_turma, concluido, id_avaliacao) VALUES (194, 14, 2, TRUE, 4);
INSERT INTO HistoricoEscolar (id_aluno, id_turma, id_nota) VALUES (14, 2, 194);
INSERT INTO Nota (id_nota, id_aluno, id_turma, concluido, id_avaliacao) VALUES (195, 15, 3, TRUE, 4);
INSERT INTO HistoricoEscolar (id_aluno, id_turma, id_nota) VALUES (15, 3, 195);
INSERT INTO Nota (id_nota, id_aluno, id_turma, concluido, id_avaliacao) VALUES (196, 16, 4, TRUE, 4);
INSERT INTO HistoricoEscolar (id_aluno, id_turma, id_nota) VALUES (16, 4, 196);
INSERT INTO Nota (id_nota, id_aluno, id_turma, concluido, id_avaliacao) VALUES (197, 17, 5, TRUE, 4);
INSERT INTO HistoricoEscolar (id_aluno, id_turma, id_nota) VALUES (17, 5, 197);
INSERT INTO Nota (id_nota, id_aluno, id_turma, concluido, id_avaliacao) VALUES (198, 18, 6, TRUE, 4);
INSERT INTO HistoricoEscolar (id_aluno, id_turma, id_nota) VALUES (18, 6, 198);
INSERT INTO Nota (id_nota, id_aluno, id_turma, concluido, id_avaliacao) VALUES (199, 19, 7, TRUE, 4);
INSERT INTO HistoricoEscolar (id_aluno, id_turma, id_nota) VALUES (19, 7, 199);
INSERT INTO Nota (id_nota, id_aluno, id_turma, concluido, id_avaliacao) VALUES (200, 20, 8, TRUE, 4);
INSERT INTO HistoricoEscolar (id_aluno, id_turma, id_nota) VALUES (20, 8, 200);
INSERT INTO Nota (id_nota, id_aluno, id_turma, concluido, id_avaliacao) VALUES (201, 21, 9, TRUE, 4);
INSERT INTO HistoricoEscolar (id_aluno, id_turma, id_nota) VALUES (21, 9, 201);
INSERT INTO Nota (id_nota, id_aluno, id_turma, concluido, id_avaliacao) VALUES (202, 22, 10, TRUE, 4);
INSERT INTO HistoricoEscolar (id_aluno, id_turma, id_nota) VALUES (22, 10, 202);
INSERT INTO Nota (id_nota, id_aluno, id_turma, concluido, id_avaliacao) VALUES (203, 23, 11, TRUE, 4);
INSERT INTO HistoricoEscolar (id_aluno, id_turma, id_nota) VALUES (23, 11, 203);
INSERT INTO Nota (id_nota, id_aluno, id_turma, concluido, id_avaliacao) VALUES (204, 24, 12, TRUE, 4);
INSERT INTO HistoricoEscolar (id_aluno, id_turma, id_nota) VALUES (24, 12, 204);
INSERT INTO Nota (id_nota, id_aluno, id_turma, concluido, id_avaliacao) VALUES (205, 25, 1, TRUE, 4);
INSERT INTO HistoricoEscolar (id_aluno, id_turma, id_nota) VALUES (25, 1, 205);
INSERT INTO Nota (id_nota, id_aluno, id_turma, concluido, id_avaliacao) VALUES (206, 26, 2, TRUE, 4);
INSERT INTO HistoricoEscolar (id_aluno, id_turma, id_nota) VALUES (26, 2, 206);
INSERT INTO Nota (id_nota, id_aluno, id_turma, concluido, id_avaliacao) VALUES (207, 27, 3, TRUE, 4);
INSERT INTO HistoricoEscolar (id_aluno, id_turma, id_nota) VALUES (27, 3, 207);
INSERT INTO Nota (id_nota, id_aluno, id_turma, concluido, id_avaliacao) VALUES (208, 28, 4, TRUE, 4);
INSERT INTO HistoricoEscolar (id_aluno, id_turma, id_nota) VALUES (28, 4, 208);
INSERT INTO Nota (id_nota, id_aluno, id_turma, concluido, id_avaliacao) VALUES (209, 29, 5, TRUE, 4);
INSERT INTO HistoricoEscolar (id_aluno, id_turma, id_nota) VALUES (29, 5, 209);
INSERT INTO Nota (id_nota, id_aluno, id_turma, concluido, id_avaliacao) VALUES (210, 30, 6, TRUE, 4);
INSERT INTO HistoricoEscolar (id_aluno, id_turma, id_nota) VALUES (30, 6, 210);
INSERT INTO Nota (id_nota, id_aluno, id_turma, concluido, id_avaliacao) VALUES (211, 31, 7, TRUE, 4);
INSERT INTO HistoricoEscolar (id_aluno, id_turma, id_nota) VALUES (31, 7, 211);
INSERT INTO Nota (id_nota, id_aluno, id_turma, concluido, id_avaliacao) VALUES (212, 32, 8, TRUE, 4);
INSERT INTO HistoricoEscolar (id_aluno, id_turma, id_nota) VALUES (32, 8, 212);
INSERT INTO Nota (id_nota, id_aluno, id_turma, concluido, id_avaliacao) VALUES (213, 33, 9, TRUE, 4);
INSERT INTO HistoricoEscolar (id_aluno, id_turma, id_nota) VALUES (33, 9, 213);
INSERT INTO Nota (id_nota, id_aluno, id_turma, concluido, id_avaliacao) VALUES (214, 34, 10, TRUE, 4);
INSERT INTO HistoricoEscolar (id_aluno, id_turma, id_nota) VALUES (34, 10, 214);
INSERT INTO Nota (id_nota, id_aluno, id_turma, concluido, id_avaliacao) VALUES (215, 35, 11, TRUE, 4);
INSERT INTO HistoricoEscolar (id_aluno, id_turma, id_nota) VALUES (35, 11, 215);
INSERT INTO Nota (id_nota, id_aluno, id_turma, concluido, id_avaliacao) VALUES (216, 36, 12, TRUE, 4);
INSERT INTO HistoricoEscolar (id_aluno, id_turma, id_nota) VALUES (36, 12, 216);
INSERT INTO Nota (id_nota, id_aluno, id_turma, concluido, id_avaliacao) VALUES (217, 37, 1, TRUE, 4);
INSERT INTO HistoricoEscolar (id_aluno, id_turma, id_nota) VALUES (37, 1, 217);
INSERT INTO Nota (id_nota, id_aluno, id_turma, concluido, id_avaliacao) VALUES (218, 38, 2, TRUE, 4);
INSERT INTO HistoricoEscolar (id_aluno, id_turma, id_nota) VALUES (38, 2, 218);
INSERT INTO Nota (id_nota, id_aluno, id_turma, concluido, id_avaliacao) VALUES (219, 39, 3, TRUE, 4);
INSERT INTO HistoricoEscolar (id_aluno, id_turma, id_nota) VALUES (39, 3, 219);
INSERT INTO Nota (id_nota, id_aluno, id_turma, concluido, id_avaliacao) VALUES (220, 40, 4, TRUE, 4);
INSERT INTO HistoricoEscolar (id_aluno, id_turma, id_nota) VALUES (40, 4, 220);
INSERT INTO Nota (id_nota, id_aluno, id_turma, concluido, id_avaliacao) VALUES (221, 41, 5, TRUE, 4);
INSERT INTO HistoricoEscolar (id_aluno, id_turma, id_nota) VALUES (41, 5, 221);
INSERT INTO Nota (id_nota, id_aluno, id_turma, concluido, id_avaliacao) VALUES (222, 42, 6, TRUE, 4);
INSERT INTO HistoricoEscolar (id_aluno, id_turma, id_nota) VALUES (42, 6, 222);
INSERT INTO Nota (id_nota, id_aluno, id_turma, concluido, id_avaliacao) VALUES (223, 43, 7, TRUE, 4);
INSERT INTO HistoricoEscolar (id_aluno, id_turma, id_nota) VALUES (43, 7, 223);
INSERT INTO Nota (id_nota, id_aluno, id_turma, concluido, id_avaliacao) VALUES (224, 44, 8, TRUE, 4);
INSERT INTO HistoricoEscolar (id_aluno, id_turma, id_nota) VALUES (44, 8, 224);
INSERT INTO Nota (id_nota, id_aluno, id_turma, concluido, id_avaliacao) VALUES (225, 45, 9, TRUE, 4);
INSERT INTO HistoricoEscolar (id_aluno, id_turma, id_nota) VALUES (45, 9, 225);
INSERT INTO Nota (id_nota, id_aluno, id_turma, concluido, id_avaliacao) VALUES (226, 46, 10, TRUE, 4);
INSERT INTO HistoricoEscolar (id_aluno, id_turma, id_nota) VALUES (46, 10, 226);
INSERT INTO Nota (id_nota, id_aluno, id_turma, concluido, id_avaliacao) VALUES (227, 47, 11, TRUE, 4);
INSERT INTO HistoricoEscolar (id_aluno, id_turma, id_nota) VALUES (47, 11, 227);
INSERT INTO Nota (id_nota, id_aluno, id_turma, concluido, id_avaliacao) VALUES (228, 48, 12, TRUE, 4);
INSERT INTO HistoricoEscolar (id_aluno, id_turma, id_nota) VALUES (48, 12, 228);
INSERT INTO Nota (id_nota, id_aluno, id_turma, concluido, id_avaliacao) VALUES (229, 49, 1, TRUE, 4);
INSERT INTO HistoricoEscolar (id_aluno, id_turma, id_nota) VALUES (49, 1, 229);
INSERT INTO Nota (id_nota, id_aluno, id_turma, concluido, id_avaliacao) VALUES (230, 50, 2, TRUE, 4);
INSERT INTO HistoricoEscolar (id_aluno, id_turma, id_nota) VALUES (50, 2, 230);
INSERT INTO Nota (id_nota, id_aluno, id_turma, concluido, id_avaliacao) VALUES (231, 51, 3, TRUE, 4);
INSERT INTO HistoricoEscolar (id_aluno, id_turma, id_nota) VALUES (51, 3, 231);
INSERT INTO Nota (id_nota, id_aluno, id_turma, concluido, id_avaliacao) VALUES (232, 52, 4, TRUE, 4);
INSERT INTO HistoricoEscolar (id_aluno, id_turma, id_nota) VALUES (52, 4, 232);
INSERT INTO Nota (id_nota, id_aluno, id_turma, concluido, id_avaliacao) VALUES (233, 53, 5, TRUE, 4);
INSERT INTO HistoricoEscolar (id_aluno, id_turma, id_nota) VALUES (53, 5, 233);
INSERT INTO Nota (id_nota, id_aluno, id_turma, concluido, id_avaliacao) VALUES (234, 54, 6, TRUE, 4);
INSERT INTO HistoricoEscolar (id_aluno, id_turma, id_nota) VALUES (54, 6, 234);
INSERT INTO Nota (id_nota, id_aluno, id_turma, concluido, id_avaliacao) VALUES (235, 55, 7, TRUE, 4);
INSERT INTO HistoricoEscolar (id_aluno, id_turma, id_nota) VALUES (55, 7, 235);
INSERT INTO Nota (id_nota, id_aluno, id_turma, concluido, id_avaliacao) VALUES (236, 56, 8, TRUE, 4);
INSERT INTO HistoricoEscolar (id_aluno, id_turma, id_nota) VALUES (56, 8, 236);
INSERT INTO Nota (id_nota, id_aluno, id_turma, concluido, id_avaliacao) VALUES (237, 57, 9, TRUE, 4);
INSERT INTO HistoricoEscolar (id_aluno, id_turma, id_nota) VALUES (57, 9, 237);
INSERT INTO Nota (id_nota, id_aluno, id_turma, concluido, id_avaliacao) VALUES (238, 58, 10, TRUE, 4);
INSERT INTO HistoricoEscolar (id_aluno, id_turma, id_nota) VALUES (58, 10, 238);
INSERT INTO Nota (id_nota, id_aluno, id_turma, concluido, id_avaliacao) VALUES (239, 59, 11, TRUE, 4);
INSERT INTO HistoricoEscolar (id_aluno, id_turma, id_nota) VALUES (59, 11, 239);
INSERT INTO Nota (id_nota, id_aluno, id_turma, concluido, id_avaliacao) VALUES (240, 60, 12, TRUE, 4);
INSERT INTO HistoricoEscolar (id_aluno, id_turma, id_nota) VALUES (60, 12, 240);
